day_of_week,month,meal_slot,scenario,academic_event,is_raining,attendance_pct,actual_attendance
0,1,breakfast,baseline,,0,0.4126,248
0,1,lunch,baseline,,0,0.6714,403
0,1,dinner,baseline,,0,0.8064,484
1,1,breakfast,baseline,,0,0.4031,242
1,1,lunch,baseline,,0,0.6398,384
1,1,dinner,baseline,,0,0.731,439
2,1,breakfast,baseline,,0,0.4193,252
2,1,lunch,baseline,,0,0.6779,407
2,1,dinner,baseline,,0,0.7967,478
3,1,breakfast,baseline,,0,0.4906,294
3,1,lunch,baseline,,0,0.657,394
3,1,dinner,baseline,,0,0.6984,419
4,1,breakfast,baseline,,0,0.4155,249
4,1,lunch,baseline,,0,0.6778,407
4,1,dinner,baseline,,0,0.747,448
5,1,breakfast,weekend,,0,0.2837,170
5,1,lunch,weekend,,0,0.7685,461
5,1,dinner,weekend,,0,0.7736,464
6,1,breakfast,best_menu,,0,0.5183,311
6,1,lunch,best_menu,,0,0.8341,500
6,1,dinner,best_menu,,0,0.9263,556
0,1,breakfast,baseline,,0,0.4655,279
0,1,lunch,baseline,,0,0.7418,445
0,1,dinner,baseline,,0,0.7256,435
1,1,breakfast,baseline,,0,0.4207,252
1,1,lunch,baseline,,0,0.6645,399
1,1,dinner,baseline,,0,0.8177,491
2,1,breakfast,baseline,,0,0.4198,252
2,1,lunch,baseline,,0,0.5916,355
2,1,dinner,baseline,,0,0.789,473
3,1,breakfast,baseline,,0,0.4696,282
3,1,lunch,baseline,,0,0.5996,360
3,1,dinner,baseline,,0,0.7639,458
4,1,breakfast,baseline,,0,0.4579,275
4,1,lunch,baseline,,0,0.6775,406
4,1,dinner,baseline,,0,0.7634,458
5,1,breakfast,weekend,,0,0.3016,181
5,1,lunch,weekend,,0,0.7162,430
5,1,dinner,weekend,,0,0.8229,494
6,1,breakfast,best_menu,,0,0.5197,312
6,1,lunch,best_menu,,0,0.7699,462
6,1,dinner,best_menu,,0,0.854,512
0,1,breakfast,baseline,,0,0.5038,302
0,1,lunch,baseline,,0,0.5895,354
0,1,dinner,baseline,,0,0.8081,485
1,1,breakfast,baseline,,0,0.4379,263
1,1,lunch,baseline,,0,0.6416,385
1,1,dinner,baseline,,0,0.7852,471
2,1,breakfast,baseline,,0,0.4786,287
2,1,lunch,baseline,,0,0.6157,369
2,1,dinner,baseline,,0,0.7223,433
3,1,breakfast,baseline,,0,0.4431,266
3,1,lunch,baseline,,0,0.5687,341
3,1,dinner,baseline,,0,0.682,409
4,1,breakfast,baseline,,0,0.4679,281
4,1,lunch,baseline,,0,0.6405,384
4,1,dinner,baseline,,0,0.7914,475
5,1,breakfast,weekend,,0,0.3038,182
5,1,lunch,weekend,,0,0.735,441
5,1,dinner,weekend,,0,0.7639,458
6,1,breakfast,best_menu,,0,0.5051,303
6,1,lunch,best_menu,,0,0.7768,466
6,1,dinner,best_menu,,0,0.8725,524
0,1,breakfast,baseline,,0,0.4675,281
0,1,lunch,baseline,,0,0.6096,366
0,1,dinner,baseline,,0,0.7507,450
1,1,breakfast,baseline,,0,0.4661,280
1,1,lunch,baseline,,0,0.667,400
1,1,dinner,baseline,,0,0.7441,446
2,1,breakfast,baseline,,0,0.4471,268
2,1,lunch,baseline,,0,0.5478,329
2,1,dinner,baseline,,0,0.6632,398
3,1,breakfast,pre_holiday,pre_holiday,0,0.3834,230
3,1,lunch,pre_holiday,pre_holiday,0,0.43,258
3,1,dinner,pre_holiday,pre_holiday,0,0.487,292
4,1,breakfast,post_holiday,holiday,0,0.4232,254
4,1,lunch,post_holiday,holiday,0,0.5262,316
4,1,dinner,post_holiday,holiday,0,0.6707,402
5,1,breakfast,post_holiday,post_holiday,0,0.377,226
5,1,lunch,post_holiday,post_holiday,0,0.5005,300
5,1,dinner,post_holiday,post_holiday,0,0.6162,370
6,1,breakfast,best_menu,,0,0.4596,276
6,1,lunch,best_menu,,0,0.8278,497
6,1,dinner,best_menu,,0,0.9171,550
0,1,breakfast,baseline,,0,0.3979,239
0,1,lunch,baseline,,0,0.637,382
0,1,dinner,baseline,,0,0.7182,431
1,1,breakfast,baseline,,0,0.4508,270
1,1,lunch,baseline,,0,0.7145,429
1,1,dinner,baseline,,0,0.7356,441
2,1,breakfast,baseline,,0,0.4565,274
2,1,lunch,baseline,,0,0.6445,387
2,1,dinner,baseline,,0,0.8316,499
3,2,breakfast,baseline,,0,0.4628,278
3,2,lunch,baseline,,0,0.7075,424
3,2,dinner,baseline,,0,0.6787,407
4,2,breakfast,baseline,,0,0.4166,250
4,2,lunch,baseline,,0,0.6136,368
4,2,dinner,baseline,,0,0.6674,400
5,2,breakfast,weekend,,0,0.2947,177
5,2,lunch,weekend,,0,0.6176,371
5,2,dinner,weekend,,0,0.7197,432
6,2,breakfast,best_menu,,0,0.5691,341
6,2,lunch,best_menu,,0,0.9278,557
6,2,dinner,best_menu,,0,1.0,600
0,2,breakfast,baseline,,0,0.4144,249
0,2,lunch,baseline,,0,0.5253,315
0,2,dinner,baseline,,0,0.7661,460
1,2,breakfast,baseline,,0,0.435,261
1,2,lunch,baseline,,0,0.6023,361
1,2,dinner,baseline,,0,0.7416,445
2,2,breakfast,baseline,,0,0.4557,273
2,2,lunch,baseline,,0,0.6253,375
2,2,dinner,baseline,,0,0.6879,413
3,2,breakfast,baseline,,0,0.4325,259
3,2,lunch,baseline,,0,0.6306,378
3,2,dinner,baseline,,0,0.8561,514
4,2,breakfast,baseline,,0,0.4854,291
4,2,lunch,baseline,,0,0.608,365
4,2,dinner,baseline,,0,0.6789,407
5,2,breakfast,rain_weekend,,1,0.1884,113
5,2,lunch,rain_weekend,,1,0.7022,421
5,2,dinner,rain_weekend,,1,0.6229,374
6,2,breakfast,best_menu,,0,0.4948,297
6,2,lunch,best_menu,,0,0.8596,516
6,2,dinner,best_menu,,0,0.9277,557
0,2,breakfast,exam,exam,0,0.6479,389
0,2,lunch,exam,exam,0,0.6949,417
0,2,dinner,exam,exam,0,0.8976,539
1,2,breakfast,rain_exam,exam,1,0.5261,316
1,2,lunch,rain_exam,exam,1,0.5985,359
1,2,dinner,rain_exam,exam,1,0.7435,446
2,2,breakfast,exam,exam,0,0.6583,395
2,2,lunch,exam,exam,0,0.7264,436
2,2,dinner,exam,exam,0,0.8865,532
3,2,breakfast,exam,exam,0,0.6614,397
3,2,lunch,exam,exam,0,0.7092,426
3,2,dinner,exam,exam,0,0.9434,566
4,2,breakfast,exam,exam,0,0.7299,438
4,2,lunch,exam,exam,0,0.7441,446
4,2,dinner,exam,exam,0,0.7818,469
5,2,breakfast,exam,exam,0,0.7358,442
5,2,lunch,exam,exam,0,0.8345,501
5,2,dinner,exam,exam,0,0.8542,513
6,2,breakfast,exam,exam,0,0.726,436
6,2,lunch,exam,exam,0,0.6684,401
6,2,dinner,exam,exam,0,0.8046,483
0,2,breakfast,exam,exam,0,0.6295,378
0,2,lunch,exam,exam,0,0.733,440
0,2,dinner,exam,exam,0,0.8553,513
1,2,breakfast,rain_exam,exam,1,0.649,389
1,2,lunch,rain_exam,exam,1,0.6715,403
1,2,dinner,rain_exam,exam,1,0.7711,463
2,2,breakfast,exam,exam,0,0.6475,388
2,2,lunch,exam,exam,0,0.6839,410
2,2,dinner,exam,exam,0,0.7822,469
3,2,breakfast,exam,exam,0,0.6326,380
3,2,lunch,exam,exam,0,0.7871,472
3,2,dinner,exam,exam,0,0.7747,465
4,2,breakfast,baseline,,0,0.4326,260
4,2,lunch,baseline,,0,0.6167,370
4,2,dinner,baseline,,0,0.8102,486
5,2,breakfast,weekend,,0,0.3321,199
5,2,lunch,weekend,,0,0.6913,415
5,2,dinner,weekend,,0,0.7397,444
6,2,breakfast,rain_weekend,,1,0.2039,122
6,2,lunch,rain_weekend,,1,0.6085,365
6,2,dinner,rain_weekend,,1,0.6088,365
0,2,breakfast,baseline,,0,0.4582,275
0,2,lunch,baseline,,0,0.7609,457
0,2,dinner,baseline,,0,0.8626,518
1,2,breakfast,baseline,,0,0.4397,264
1,2,lunch,baseline,,0,0.5592,336
1,2,dinner,baseline,,0,0.7146,429
2,2,breakfast,rain,,1,0.3472,208
2,2,lunch,rain,,1,0.5022,301
2,2,dinner,rain,,1,0.6002,360
3,2,breakfast,baseline,,0,0.4441,266
3,2,lunch,baseline,,0,0.5795,348
3,2,dinner,baseline,,0,0.7182,431
4,3,breakfast,baseline,,0,0.4905,294
4,3,lunch,baseline,,0,0.6286,377
4,3,dinner,baseline,,0,0.6445,387
5,3,breakfast,weekend,,0,0.3511,211
5,3,lunch,weekend,,0,0.6279,377
5,3,dinner,weekend,,0,0.7146,429
6,3,breakfast,best_menu,,0,0.6573,394
6,3,lunch,best_menu,,0,0.725,435
6,3,dinner,best_menu,,0,0.8735,524
0,3,breakfast,baseline,,0,0.5122,307
0,3,lunch,baseline,,0,0.5833,350
0,3,dinner,baseline,,0,0.7353,441
1,3,breakfast,baseline,,0,0.4657,279
1,3,lunch,baseline,,0,0.6143,369
1,3,dinner,baseline,,0,0.742,445
2,3,breakfast,baseline,,0,0.4414,265
2,3,lunch,baseline,,0,0.6198,372
2,3,dinner,baseline,,0,0.7639,458
3,3,breakfast,baseline,,0,0.467,280
3,3,lunch,baseline,,0,0.6846,411
3,3,dinner,baseline,,0,0.7593,456
4,3,breakfast,baseline,,0,0.4519,271
4,3,lunch,baseline,,0,0.6333,380
4,3,dinner,baseline,,0,0.7067,424
5,3,breakfast,rain_weekend,,1,0.1984,119
5,3,lunch,rain_weekend,,1,0.7005,420
5,3,dinner,rain_weekend,,1,0.7506,450
6,3,breakfast,fest,fest,0,0.2034,122
6,3,lunch,fest,fest,0,0.167,100
6,3,dinner,fest,fest,0,0.4016,241
0,3,breakfast,fest,fest,0,0.225,135
0,3,lunch,fest,fest,0,0.1577,95
0,3,dinner,fest,fest,0,0.3939,236
1,3,breakfast,fest,fest,0,0.1974,118
1,3,lunch,fest,fest,0,0.1764,106
1,3,dinner,fest,fest,0,0.3744,225
2,3,breakfast,fest,fest,0,0.2116,127
2,3,lunch,fest,fest,0,0.1818,109
2,3,dinner,fest,fest,0,0.3593,216
3,3,breakfast,baseline,,0,0.503,302
3,3,lunch,baseline,,0,0.5033,302
3,3,dinner,baseline,,0,0.7358,441
4,3,breakfast,baseline,,0,0.4607,276
4,3,lunch,baseline,,0,0.6145,369
4,3,dinner,baseline,,0,0.6446,387
5,3,breakfast,weekend,,0,0.3415,205
5,3,lunch,weekend,,0,0.6141,368
5,3,dinner,weekend,,0,0.8375,502
6,3,breakfast,best_menu,,0,0.5307,318
6,3,lunch,best_menu,,0,0.7326,440
6,3,dinner,best_menu,,0,0.8759,526
0,3,breakfast,baseline,,0,0.471,283
0,3,lunch,baseline,,0,0.7211,433
0,3,dinner,baseline,,0,0.8206,492
1,3,breakfast,baseline,,0,0.5128,308
1,3,lunch,baseline,,0,0.6556,393
1,3,dinner,baseline,,0,0.7997,480
2,3,breakfast,baseline,,0,0.4524,271
2,3,lunch,baseline,,0,0.598,359
2,3,dinner,baseline,,0,0.8094,486
3,3,breakfast,baseline,,0,0.4782,287
3,3,lunch,baseline,,0,0.6237,374
3,3,dinner,baseline,,0,0.8203,492
4,3,breakfast,baseline,,0,0.5155,309
4,3,lunch,baseline,,0,0.6704,402
4,3,dinner,baseline,,0,0.6557,393
5,3,breakfast,weekend,,0,0.2719,163
5,3,lunch,weekend,,0,0.671,403
5,3,dinner,weekend,,0,0.878,527
6,3,breakfast,best_menu,,0,0.5035,302
6,3,lunch,best_menu,,0,0.7351,441
6,3,dinner,best_menu,,0,0.9024,541
0,3,breakfast,baseline,,0,0.4258,256
0,3,lunch,baseline,,0,0.6491,389
0,3,dinner,baseline,,0,0.8193,492
1,3,breakfast,baseline,,0,0.3675,221
1,3,lunch,baseline,,0,0.6488,389
1,3,dinner,baseline,,0,0.7543,453
2,3,breakfast,baseline,,0,0.5082,305
2,3,lunch,baseline,,0,0.5288,317
2,3,dinner,baseline,,0,0.7145,429
3,3,breakfast,baseline,,0,0.3931,236
3,3,lunch,baseline,,0,0.7081,425
3,3,dinner,baseline,,0,0.7721,463
4,3,breakfast,baseline,,0,0.4294,258
4,3,lunch,baseline,,0,0.6746,405
4,3,dinner,baseline,,0,0.8141,488
5,3,breakfast,weekend,,0,0.3056,183
5,3,lunch,weekend,,0,0.7151,429
5,3,dinner,weekend,,0,0.7292,438
6,3,breakfast,best_menu,,0,0.5268,316
6,3,lunch,best_menu,,0,0.8245,495
6,3,dinner,best_menu,,0,0.972,583
0,4,breakfast,baseline,,0,0.4455,267
0,4,lunch,baseline,,0,0.7084,425
0,4,dinner,baseline,,0,0.7054,423
1,4,breakfast,baseline,,0,0.4573,274
1,4,lunch,baseline,,0,0.6761,406
1,4,dinner,baseline,,0,0.7507,450
2,4,breakfast,baseline,,0,0.4808,289
2,4,lunch,baseline,,0,0.676,406
2,4,dinner,baseline,,0,0.7832,470
3,4,breakfast,baseline,,0,0.4426,266
3,4,lunch,baseline,,0,0.5318,319
3,4,dinner,baseline,,0,0.8463,508
4,4,breakfast,baseline,,0,0.4539,272
4,4,lunch,baseline,,0,0.6997,420
4,4,dinner,baseline,,0,0.6539,392
5,4,breakfast,weekend,,0,0.2616,157
5,4,lunch,weekend,,0,0.6555,393
5,4,dinner,weekend,,0,0.8109,487
6,4,breakfast,best_menu,,0,0.5451,327
6,4,lunch,best_menu,,0,0.7096,426
6,4,dinner,best_menu,,0,0.7337,440
0,4,breakfast,baseline,,0,0.433,260
0,4,lunch,baseline,,0,0.6566,394
0,4,dinner,baseline,,0,0.7921,475
1,4,breakfast,baseline,,0,0.4262,256
1,4,lunch,baseline,,0,0.6403,384
1,4,dinner,baseline,,0,0.7956,477
2,4,breakfast,baseline,,0,0.4691,281
2,4,lunch,baseline,,0,0.5976,359
2,4,dinner,baseline,,0,0.7392,444
3,4,breakfast,baseline,,0,0.4795,288
3,4,lunch,baseline,,0,0.6134,368
3,4,dinner,baseline,,0,0.7813,469
4,4,breakfast,rain,,1,0.3137,188
4,4,lunch,rain,,1,0.5687,341
4,4,dinner,rain,,1,0.5324,319
5,4,breakfast,weekend,,0,0.2644,159
5,4,lunch,weekend,,0,0.5693,342
5,4,dinner,weekend,,0,0.7408,444
6,4,breakfast,best_menu,,0,0.5212,313
6,4,lunch,best_menu,,0,0.8127,488
6,4,dinner,best_menu,,0,0.9784,587
0,4,breakfast,baseline,,0,0.4475,269
0,4,lunch,baseline,,0,0.7019,421
0,4,dinner,baseline,,0,0.7555,453
1,4,breakfast,baseline,,0,0.4286,257
1,4,lunch,baseline,,0,0.5583,335
1,4,dinner,baseline,,0,0.6967,418
2,4,breakfast,baseline,,0,0.4789,287
2,4,lunch,baseline,,0,0.7205,432
2,4,dinner,baseline,,0,0.6671,400
3,4,breakfast,baseline,,0,0.4125,248
3,4,lunch,baseline,,0,0.6574,394
3,4,dinner,baseline,,0,0.7421,445
4,4,breakfast,baseline,,0,0.4834,290
4,4,lunch,baseline,,0,0.6027,362
4,4,dinner,baseline,,0,0.718,431
5,4,breakfast,exam,exam,0,0.616,370
5,4,lunch,exam,exam,0,0.7584,455
5,4,dinner,exam,exam,0,0.8535,512
6,4,breakfast,exam,exam,0,0.6688,401
6,4,lunch,exam,exam,0,0.8108,486
6,4,dinner,exam,exam,0,0.8429,506
0,4,breakfast,exam,exam,0,0.7055,423
0,4,lunch,exam,exam,0,0.7139,428
0,4,dinner,exam,exam,0,0.9439,566
1,4,breakfast,exam,exam,0,0.6432,386
1,4,lunch,exam,exam,0,0.7538,452
1,4,dinner,exam,exam,0,1.0,600
2,4,breakfast,exam,exam,0,0.6536,392
2,4,lunch,exam,exam,0,0.7427,446
2,4,dinner,exam,exam,0,0.9413,565
3,4,breakfast,exam,exam,0,0.6673,400
3,4,lunch,exam,exam,0,0.7318,439
3,4,dinner,exam,exam,0,0.8884,533
4,4,breakfast,exam,exam,0,0.5673,340
4,4,lunch,exam,exam,0,0.6117,367
4,4,dinner,exam,exam,0,0.7892,474
5,4,breakfast,rain_exam,exam,1,0.5697,342
5,4,lunch,rain_exam,exam,1,0.77,462
5,4,dinner,rain_exam,exam,1,0.7982,479
6,4,breakfast,exam,exam,0,0.6681,401
6,4,lunch,exam,exam,0,0.7095,426
6,4,dinner,exam,exam,0,0.847,508
0,4,breakfast,exam,exam,0,0.6822,409
0,4,lunch,exam,exam,0,0.7134,428
0,4,dinner,exam,exam,0,0.9404,564
1,4,breakfast,exam,exam,0,0.6503,390
1,4,lunch,exam,exam,0,0.8857,531
1,4,dinner,exam,exam,0,0.8821,529
2,5,breakfast,post_holiday,holiday,0,0.3861,232
2,5,lunch,post_holiday,holiday,0,0.5668,340
2,5,dinner,post_holiday,holiday,0,0.6305,378
3,5,breakfast,post_holiday,holiday,0,0.3594,216
3,5,lunch,post_holiday,holiday,0,0.5603,336
3,5,dinner,post_holiday,holiday,0,0.5902,354
4,5,breakfast,post_holiday,holiday,0,0.4021,241
4,5,lunch,post_holiday,holiday,0,0.5705,342
4,5,dinner,post_holiday,holiday,0,0.6883,413
5,5,breakfast,post_holiday,holiday,0,0.3746,225
5,5,lunch,post_holiday,holiday,0,0.5613,337
5,5,dinner,post_holiday,holiday,0,0.6177,371
6,5,breakfast,post_holiday,holiday,0,0.3272,196
6,5,lunch,post_holiday,holiday,0,0.5271,316
6,5,dinner,post_holiday,holiday,0,0.5325,319
0,5,breakfast,post_holiday,holiday,0,0.4252,255
0,5,lunch,post_holiday,holiday,0,0.5805,348
0,5,dinner,post_holiday,holiday,0,0.5969,358
1,5,breakfast,post_holiday,holiday,0,0.2924,175
1,5,lunch,post_holiday,holiday,0,0.5181,311
1,5,dinner,post_holiday,holiday,0,0.756,454
2,5,breakfast,post_holiday,holiday,0,0.3662,220
2,5,lunch,post_holiday,holiday,0,0.5618,337
2,5,dinner,post_holiday,holiday,0,0.5542,333
3,5,breakfast,post_holiday,holiday,0,0.3864,232
3,5,lunch,post_holiday,holiday,0,0.5379,323
3,5,dinner,post_holiday,holiday,0,0.6734,404
4,5,breakfast,post_holiday,holiday,0,0.4038,242
4,5,lunch,post_holiday,holiday,0,0.5118,307
4,5,dinner,post_holiday,holiday,0,0.6788,407
5,5,breakfast,post_holiday,holiday,0,0.3536,212
5,5,lunch,post_holiday,holiday,0,0.5032,302
5,5,dinner,post_holiday,holiday,0,0.701,421
6,5,breakfast,post_holiday,holiday,0,0.4264,256
6,5,lunch,post_holiday,holiday,0,0.5225,313
6,5,dinner,post_holiday,holiday,0,0.7071,424
0,5,breakfast,post_holiday,holiday,0,0.3913,235
0,5,lunch,post_holiday,holiday,0,0.6095,366
0,5,dinner,post_holiday,holiday,0,0.615,369
1,5,breakfast,post_holiday,holiday,0,0.3696,222
1,5,lunch,post_holiday,holiday,0,0.5613,337
1,5,dinner,post_holiday,holiday,0,0.554,332
2,5,breakfast,post_holiday,holiday,0,0.3668,220
2,5,lunch,post_holiday,holiday,0,0.5914,355
2,5,dinner,post_holiday,holiday,0,0.512,307
3,5,breakfast,post_holiday,holiday,0,0.3316,199
3,5,lunch,post_holiday,holiday,0,0.5059,304
3,5,dinner,post_holiday,holiday,0,0.6459,388
4,5,breakfast,post_holiday,holiday,0,0.3756,225
4,5,lunch,post_holiday,holiday,0,0.5348,321
4,5,dinner,post_holiday,holiday,0,0.6436,386
5,5,breakfast,post_holiday,holiday,0,0.405,243
5,5,lunch,post_holiday,holiday,0,0.5704,342
5,5,dinner,post_holiday,holiday,0,0.6528,392  
6,5,breakfast,post_holiday,holiday,0,0.3924,235
6,5,lunch,post_holiday,holiday,0,0.6299,378
6,5,dinner,post_holiday,holiday,0,0.6289,377
0,5,breakfast,post_holiday,holiday,0,0.3602,216
0,5,lunch,post_holiday,holiday,0,0.4969,298
0,5,dinner,post_holiday,holiday,0,0.5703,342
1,5,breakfast,post_holiday,holiday,0,0.3676,221
1,5,lunch,post_holiday,holiday,0,0.5032,302
1,5,dinner,post_holiday,holiday,0,0.6298,378
2,5,breakfast,post_holiday,holiday,0,0.3849,231
2,5,lunch,post_holiday,holiday,0,0.5085,305
2,5,dinner,post_holiday,holiday,0,0.6789,407
3,5,breakfast,post_holiday,holiday,0,0.3784,227
3,5,lunch,post_holiday,holiday,0,0.5134,308
3,5,dinner,post_holiday,holiday,0,0.6611,397
4,5,breakfast,post_holiday,holiday,0,0.3389,203
4,5,lunch,post_holiday,holiday,0,0.5387,323
4,5,dinner,post_holiday,holiday,0,0.6466,388
5,5,breakfast,post_holiday,holiday,0,0.3892,233
5,5,lunch,post_holiday,holiday,0,0.4786,287
5,5,dinner,post_holiday,holiday,0,0.701,421
6,5,breakfast,post_holiday,holiday,0,0.3756,225
6,5,lunch,post_holiday,holiday,0,0.5574,334
6,5,dinner,post_holiday,holiday,0,0.5112,307
0,5,breakfast,post_holiday,holiday,0,0.3743,225
0,5,lunch,post_holiday,holiday,0,0.4952,297
0,5,dinner,post_holiday,holiday,0,0.6695,402
1,5,breakfast,post_holiday,holiday,0,0.3473,208
1,5,lunch,post_holiday,holiday,0,0.5054,303
1,5,dinner,post_holiday,holiday,0,0.6453,387
2,5,breakfast,post_holiday,holiday,0,0.3458,208
2,5,lunch,post_holiday,holiday,0,0.5525,331
2,5,dinner,post_holiday,holiday,0,0.7256,435
3,5,breakfast,post_holiday,holiday,0,0.3703,222
3,5,lunch,post_holiday,holiday,0,0.4701,282
3,5,dinner,post_holiday,holiday,0,0.5684,341
4,5,breakfast,post_holiday,holiday,0,0.3674,220
4,5,lunch,post_holiday,holiday,0,0.5769,346
4,5,dinner,post_holiday,holiday,0,0.6456,387
5,6,breakfast,post_holiday,holiday,0,0.3991,239
5,6,lunch,post_holiday,holiday,0,0.5166,310
5,6,dinner,post_holiday,holiday,0,0.6979,419
6,6,breakfast,post_holiday,holiday,0,0.3638,218
6,6,lunch,post_holiday,holiday,0,0.5651,339
6,6,dinner,post_holiday,holiday,0,0.672,403
0,6,breakfast,rain_weekend,holiday,1,0.173,104
0,6,lunch,rain_weekend,holiday,1,0.6258,375
0,6,dinner,rain_weekend,holiday,1,0.6115,367
1,6,breakfast,post_holiday,holiday,0,0.3397,204
1,6,lunch,post_holiday,holiday,0,0.561,337
1,6,dinner,post_holiday,holiday,0,0.5925,355
2,6,breakfast,post_holiday,holiday,0,0.4052,243
2,6,lunch,post_holiday,holiday,0,0.5521,331
2,6,dinner,post_holiday,holiday,0,0.6022,361
3,6,breakfast,post_holiday,holiday,0,0.3698,222
3,6,lunch,post_holiday,holiday,0,0.5431,326
3,6,dinner,post_holiday,holiday,0,0.647,388
4,6,breakfast,post_holiday,holiday,0,0.3978,239
4,6,lunch,post_holiday,holiday,0,0.5186,311
4,6,dinner,post_holiday,holiday,0,0.6125,367
5,6,breakfast,post_holiday,holiday,0,0.3514,211
5,6,lunch,post_holiday,holiday,0,0.4371,262
5,6,dinner,post_holiday,holiday,0,0.715,429
6,6,breakfast,post_holiday,holiday,0,0.3709,223
6,6,lunch,post_holiday,holiday,0,0.4577,275
6,6,dinner,post_holiday,holiday,0,0.6176,371
0,6,breakfast,rain_weekend,holiday,1,0.197,118
0,6,lunch,rain_weekend,holiday,1,0.5466,328
0,6,dinner,rain_weekend,holiday,1,0.6976,419
1,6,breakfast,rain_weekend,holiday,1,0.1761,106
1,6,lunch,rain_weekend,holiday,1,0.6336,380
1,6,dinner,rain_weekend,holiday,1,0.7761,466
2,6,breakfast,rain_weekend,holiday,1,0.1946,117
2,6,lunch,rain_weekend,holiday,1,0.5932,356
2,6,dinner,rain_weekend,holiday,1,0.6995,420
3,6,breakfast,post_holiday,holiday,0,0.3444,207
3,6,lunch,post_holiday,holiday,0,0.4667,280
3,6,dinner,post_holiday,holiday,0,0.6417,385
4,6,breakfast,post_holiday,holiday,0,0.44,264
4,6,lunch,post_holiday,holiday,0,0.5341,320
4,6,dinner,post_holiday,holiday,0,0.7178,431
5,6,breakfast,rain_weekend,holiday,1,0.2094,126
5,6,lunch,rain_weekend,holiday,1,0.6153,369
5,6,dinner,rain_weekend,holiday,1,0.6203,372
6,6,breakfast,post_holiday,holiday,0,0.4205,252
6,6,lunch,post_holiday,holiday,0,0.5276,317
6,6,dinner,post_holiday,holiday,0,0.5476,329
0,6,breakfast,post_holiday,holiday,0,0.3557,213
0,6,lunch,post_holiday,holiday,0,0.5268,316
0,6,dinner,post_holiday,holiday,0,0.6292,378
1,6,breakfast,rain_weekend,holiday,1,0.1741,104
1,6,lunch,rain_weekend,holiday,1,0.6231,374
1,6,dinner,rain_weekend,holiday,1,0.6388,383
2,6,breakfast,post_holiday,holiday,0,0.4074,244
2,6,lunch,post_holiday,holiday,0,0.5535,332
2,6,dinner,post_holiday,holiday,0,0.5972,358
3,6,breakfast,rain_weekend,holiday,1,0.2134,128
3,6,lunch,rain_weekend,holiday,1,0.6168,370
3,6,dinner,rain_weekend,holiday,1,0.7937,476
4,6,breakfast,post_holiday,holiday,0,0.3952,237
4,6,lunch,post_holiday,holiday,0,0.5344,321
4,6,dinner,post_holiday,holiday,0,0.6747,405
5,6,breakfast,post_holiday,holiday,0,0.4217,253
5,6,lunch,post_holiday,holiday,0,0.5191,311
5,6,dinner,post_holiday,holiday,0,0.6113,367
6,6,breakfast,rain_weekend,holiday,1,0.2127,128
6,6,lunch,rain_weekend,holiday,1,0.6719,403
6,6,dinner,rain_weekend,holiday,1,0.6422,385
0,6,breakfast,post_holiday,holiday,0,0.393,236
0,6,lunch,post_holiday,holiday,0,0.531,319
0,6,dinner,post_holiday,holiday,0,0.6816,409
1,6,breakfast,post_holiday,holiday,0,0.358,215
1,6,lunch,post_holiday,holiday,0,0.5078,305
1,6,dinner,post_holiday,holiday,0,0.5158,309
2,6,breakfast,rain_weekend,holiday,1,0.1854,111
2,6,lunch,rain_weekend,holiday,1,0.5903,354
2,6,dinner,rain_weekend,holiday,1,0.726,436
3,6,breakfast,rain_weekend,holiday,1,0.1835,110
3,6,lunch,rain_weekend,holiday,1,0.5973,358
3,6,dinner,rain_weekend,holiday,1,0.7226,434
4,6,breakfast,post_holiday,holiday,0,0.3554,213
4,6,lunch,post_holiday,holiday,0,0.5659,340
4,6,dinner,post_holiday,holiday,0,0.6221,373
5,6,breakfast,post_holiday,holiday,0,0.3829,230
5,6,lunch,post_holiday,holiday,0,0.5721,343
5,6,dinner,post_holiday,holiday,0,0.5809,349
6,6,breakfast,rain_weekend,holiday,1,0.1966,118
6,6,lunch,rain_weekend,holiday,1,0.5416,325
6,6,dinner,rain_weekend,holiday,1,0.5833,350
0,7,breakfast,post_holiday,holiday,0,0.3726,224
0,7,lunch,post_holiday,holiday,0,0.4974,298
0,7,dinner,post_holiday,holiday,0,0.6285,377
1,7,breakfast,rain_weekend,holiday,1,0.1635,98
1,7,lunch,rain_weekend,holiday,1,0.5282,317
1,7,dinner,rain_weekend,holiday,1,0.6174,370
2,7,breakfast,rain_weekend,holiday,1,0.2045,123
2,7,lunch,rain_weekend,holiday,1,0.6368,382
2,7,dinner,rain_weekend,holiday,1,0.6059,364
3,7,breakfast,post_holiday,holiday,0,0.3971,238
3,7,lunch,post_holiday,holiday,0,0.5442,327
3,7,dinner,post_holiday,holiday,0,0.6611,397
4,7,breakfast,rain_weekend,holiday,1,0.2045,123
4,7,lunch,rain_weekend,holiday,1,0.6076,365
4,7,dinner,rain_weekend,holiday,1,0.7081,425
5,7,breakfast,rain_weekend,holiday,1,0.1741,104
5,7,lunch,rain_weekend,holiday,1,0.4921,295
5,7,dinner,rain_weekend,holiday,1,0.7201,432
6,7,breakfast,post_holiday,holiday,0,0.352,211
6,7,lunch,post_holiday,holiday,0,0.4611,277
6,7,dinner,post_holiday,holiday,0,0.6384,383
0,7,breakfast,post_holiday,holiday,0,0.4385,263
0,7,lunch,post_holiday,holiday,0,0.564,338
0,7,dinner,post_holiday,holiday,0,0.6145,369
1,7,breakfast,post_holiday,holiday,0,0.3837,230
1,7,lunch,post_holiday,holiday,0,0.5287,317
1,7,dinner,post_holiday,holiday,0,0.5819,349
2,7,breakfast,post_holiday,holiday,0,0.4381,263
2,7,lunch,post_holiday,holiday,0,0.5909,355
2,7,dinner,post_holiday,holiday,0,0.5867,352
3,7,breakfast,rain_weekend,holiday,1,0.2102,126
3,7,lunch,rain_weekend,holiday,1,0.6212,373
3,7,dinner,rain_weekend,holiday,1,0.7333,440
4,7,breakfast,post_holiday,holiday,0,0.406,244
4,7,lunch,post_holiday,holiday,0,0.5693,342
4,7,dinner,post_holiday,holiday,0,0.6506,390
5,7,breakfast,rain_weekend,holiday,1,0.2013,121
5,7,lunch,rain_weekend,holiday,1,0.5733,344
5,7,dinner,rain_weekend,holiday,1,0.5984,359
6,7,breakfast,post_holiday,holiday,0,0.4364,262
6,7,lunch,post_holiday,holiday,0,0.6006,360
6,7,dinner,post_holiday,holiday,0,0.6463,388
0,7,breakfast,post_holiday,holiday,0,0.3837,230
0,7,lunch,post_holiday,holiday,0,0.5505,330
0,7,dinner,post_holiday,holiday,0,0.5779,347
1,7,breakfast,rain_weekend,holiday,1,0.201,121
1,7,lunch,rain_weekend,holiday,1,0.5375,322
1,7,dinner,rain_weekend,holiday,1,0.6639,398
2,7,breakfast,rain_weekend,holiday,1,0.2288,137
2,7,lunch,rain_weekend,holiday,1,0.6429,386
2,7,dinner,rain_weekend,holiday,1,0.6673,400
3,7,breakfast,post_holiday,holiday,0,0.3847,231
3,7,lunch,post_holiday,holiday,0,0.5329,320
3,7,dinner,post_holiday,holiday,0,0.5785,347
4,7,breakfast,rain_weekend,holiday,1,0.1881,113
4,7,lunch,rain_weekend,holiday,1,0.54,324
4,7,dinner,rain_weekend,holiday,1,0.6939,416
5,7,breakfast,post_holiday,holiday,0,0.3285,197
5,7,lunch,post_holiday,holiday,0,0.5364,322
5,7,dinner,post_holiday,holiday,0,0.6838,410
6,7,breakfast,rain_weekend,holiday,1,0.2164,130
6,7,lunch,rain_weekend,holiday,1,0.6019,361
6,7,dinner,rain_weekend,holiday,1,0.6216,373
0,7,breakfast,post_holiday,holiday,0,0.3939,236
0,7,lunch,post_holiday,holiday,0,0.5581,335
0,7,dinner,post_holiday,holiday,0,0.6986,419
1,7,breakfast,post_holiday,holiday,0,0.3793,228
1,7,lunch,post_holiday,holiday,0,0.4878,293
1,7,dinner,post_holiday,holiday,0,0.6172,370
2,7,breakfast,post_holiday,holiday,0,0.3771,226
2,7,lunch,post_holiday,holiday,0,0.5166,310
2,7,dinner,post_holiday,holiday,0,0.6461,388
3,7,breakfast,post_holiday,holiday,0,0.3641,218
3,7,lunch,post_holiday,holiday,0,0.5552,333
3,7,dinner,post_holiday,holiday,0,0.613,368
4,7,breakfast,post_holiday,holiday,0,0.3917,235
4,7,lunch,post_holiday,holiday,0,0.4923,295
4,7,dinner,post_holiday,holiday,0,0.609,365
5,7,breakfast,rain_weekend,holiday,1,0.1814,109
5,7,lunch,rain_weekend,holiday,1,0.4984,299
5,7,dinner,rain_weekend,holiday,1,0.5674,340
6,7,breakfast,post_holiday,holiday,0,0.3843,231
6,7,lunch,post_holiday,holiday,0,0.5366,322
6,7,dinner,post_holiday,holiday,0,0.6949,417
0,7,breakfast,post_holiday,holiday,0,0.3955,237
0,7,lunch,post_holiday,holiday,0,0.6093,366
0,7,dinner,post_holiday,holiday,0,0.5762,346
1,7,breakfast,post_holiday,holiday,0,0.3602,216
1,7,lunch,post_holiday,holiday,0,0.5029,302
1,7,dinner,post_holiday,holiday,0,0.6168,370
2,7,breakfast,rain_weekend,holiday,1,0.2294,138
2,7,lunch,rain_weekend,holiday,1,0.5839,350
2,7,dinner,rain_weekend,holiday,1,0.7683,461
3,8,breakfast,rain,,1,0.3611,217
3,8,lunch,rain,,1,0.5294,318
3,8,dinner,rain,,1,0.64,384
4,8,breakfast,rain,,1,0.3972,238
4,8,lunch,rain,,1,0.5697,342
4,8,dinner,rain,,1,0.5975,358
5,8,breakfast,weekend,,0,0.2913,175
5,8,lunch,weekend,,0,0.6726,404
5,8,dinner,weekend,,0,0.8403,504
6,8,breakfast,rain_weekend,,1,0.2045,123
6,8,lunch,rain_weekend,,1,0.6007,360
6,8,dinner,rain_weekend,,1,0.6846,411
0,8,breakfast,baseline,,0,0.3803,228
0,8,lunch,baseline,,0,0.6671,400
0,8,dinner,baseline,,0,0.6911,415
1,8,breakfast,rain,,1,0.3152,189
1,8,lunch,rain,,1,0.5369,322
1,8,dinner,rain,,1,0.5982,359
2,8,breakfast,rain,,1,0.2827,170
2,8,lunch,rain,,1,0.516,310
2,8,dinner,rain,,1,0.6037,362
3,8,breakfast,rain,,1,0.3237,194
3,8,lunch,rain,,1,0.4903,294
3,8,dinner,rain,,1,0.67,402
4,8,breakfast,baseline,,0,0.3819,229
4,8,lunch,baseline,,0,0.5341,320
4,8,dinner,baseline,,0,0.7493,450
5,8,breakfast,rain_weekend,,1,0.1983,119
5,8,lunch,rain_weekend,,1,0.5987,359
5,8,dinner,rain_weekend,,1,0.6787,407
6,8,breakfast,best_menu,,0,0.4859,292
6,8,lunch,best_menu,,0,0.725,435
6,8,dinner,best_menu,,0,0.8213,493
0,8,breakfast,rain,,1,0.3482,209
0,8,lunch,rain,,1,0.5149,309
0,8,dinner,rain,,1,0.5066,304
1,8,breakfast,baseline,,0,0.42,252
1,8,lunch,baseline,,0,0.6051,363
1,8,dinner,baseline,,0,0.7255,435
2,8,breakfast,rain,pre_holiday,1,0.3088,185
2,8,lunch,rain,pre_holiday,1,0.5781,347
2,8,dinner,rain,pre_holiday,1,0.5991,359
3,8,breakfast,post_holiday,holiday,0,0.398,239
3,8,lunch,post_holiday,holiday,0,0.4751,285
3,8,dinner,post_holiday,holiday,0,0.6531,392
4,8,breakfast,post_holiday,post_holiday,0,0.3788,227
4,8,lunch,post_holiday,post_holiday,0,0.6105,366
4,8,dinner,post_holiday,post_holiday,0,0.6018,361
5,8,breakfast,rain_weekend,,1,0.1964,118
5,8,lunch,rain_weekend,,1,0.5387,323
5,8,dinner,rain_weekend,,1,0.6704,402
6,8,breakfast,best_menu,,0,0.5013,301
6,8,lunch,best_menu,,0,0.8254,495
6,8,dinner,best_menu,,0,0.94,564
0,8,breakfast,rain,,1,0.3417,205
0,8,lunch,rain,,1,0.5827,350
0,8,dinner,rain,,1,0.7061,424
1,8,breakfast,baseline,,0,0.4991,299
1,8,lunch,baseline,,0,0.538,323
1,8,dinner,baseline,,0,0.7309,439
2,8,breakfast,baseline,,0,0.4543,273
2,8,lunch,baseline,,0,0.6044,363
2,8,dinner,baseline,,0,0.74,444
3,8,breakfast,baseline,,0,0.4439,266
3,8,lunch,baseline,,0,0.6543,393
3,8,dinner,baseline,,0,0.7361,442
4,8,breakfast,rain,,1,0.3168,190
4,8,lunch,rain,,1,0.5525,331
4,8,dinner,rain,,1,0.6924,415
5,8,breakfast,weekend,,0,0.3074,184
5,8,lunch,weekend,,0,0.733,440
5,8,dinner,weekend,,0,0.7112,427
6,8,breakfast,rain_weekend,,1,0.215,129
6,8,lunch,rain_weekend,,1,0.6416,385
6,8,dinner,rain_weekend,,1,0.678,407
0,8,breakfast,rain,,1,0.3291,197
0,8,lunch,rain,,1,0.5845,351
0,8,dinner,rain,,1,0.648,389
1,8,breakfast,baseline,,0,0.4621,277
1,8,lunch,baseline,,0,0.4848,291
1,8,dinner,baseline,,0,0.773,464
2,8,breakfast,baseline,,0,0.388,233
2,8,lunch,baseline,,0,0.6562,394
2,8,dinner,baseline,,0,0.7787,467
3,8,breakfast,rain,,1,0.2986,179
3,8,lunch,rain,,1,0.5918,355
3,8,dinner,rain,,1,0.6088,365
4,8,breakfast,baseline,,0,0.4499,270
4,8,lunch,baseline,,0,0.654,392
4,8,dinner,baseline,,0,0.847,508
5,8,breakfast,weekend,,0,0.2759,166
5,8,lunch,weekend,,0,0.6939,416
5,8,dinner,weekend,,0,0.7811,469
6,9,breakfast,best_menu,,0,0.5224,313
6,9,lunch,best_menu,,0,0.7525,451
6,9,dinner,best_menu,,0,0.9666,580
0,9,breakfast,rain,,1,0.3095,186
0,9,lunch,rain,,1,0.5288,317
0,9,dinner,rain,,1,0.6446,387
1,9,breakfast,baseline,,0,0.414,248
1,9,lunch,baseline,,0,0.5806,348
1,9,dinner,baseline,,0,0.8163,490
2,9,breakfast,baseline,,0,0.399,239
2,9,lunch,baseline,,0,0.6558,393
2,9,dinner,baseline,,0,0.7778,467
3,9,breakfast,rain,,1,0.3225,193
3,9,lunch,rain,,1,0.5647,339
3,9,dinner,rain,,1,0.6523,391
4,9,breakfast,rain,,1,0.2811,169
4,9,lunch,rain,,1,0.5475,328
4,9,dinner,rain,,1,0.618,371
5,9,breakfast,weekend,,0,0.3209,193
5,9,lunch,weekend,,0,0.7828,470
5,9,dinner,weekend,,0,0.8958,537
6,9,breakfast,best_menu,,0,0.5287,317
6,9,lunch,best_menu,,0,0.8226,494
6,9,dinner,best_menu,,0,0.9552,573
0,9,breakfast,baseline,,0,0.4547,273
0,9,lunch,baseline,,0,0.6751,405
0,9,dinner,baseline,,0,0.7464,448
1,9,breakfast,rain_exam,exam,1,0.564,338
1,9,lunch,rain_exam,exam,1,0.7005,420
1,9,dinner,rain_exam,exam,1,0.7335,440
2,9,breakfast,rain_exam,exam,1,0.6146,369
2,9,lunch,rain_exam,exam,1,0.6467,388
2,9,dinner,rain_exam,exam,1,0.7777,467
3,9,breakfast,rain_exam,exam,1,0.5257,315
3,9,lunch,rain_exam,exam,1,0.7436,446
3,9,dinner,rain_exam,exam,1,0.704,422
4,9,breakfast,exam,exam,0,0.5957,357
4,9,lunch,exam,exam,0,0.6734,404
4,9,dinner,exam,exam,0,0.8703,522
5,9,breakfast,rain_exam,exam,1,0.5676,341
5,9,lunch,rain_exam,exam,1,0.6997,420
5,9,dinner,rain_exam,exam,1,0.7533,452
6,9,breakfast,exam,exam,0,0.6713,403
6,9,lunch,exam,exam,0,0.7695,462
6,9,dinner,exam,exam,0,0.7205,432
0,9,breakfast,exam,exam,0,0.5366,322
0,9,lunch,exam,exam,0,0.7354,441
0,9,dinner,exam,exam,0,0.8663,520
1,9,breakfast,rain_exam,exam,1,0.6388,383
1,9,lunch,rain_exam,exam,1,0.6775,406
1,9,dinner,rain_exam,exam,1,0.704,422
2,9,breakfast,rain_exam,exam,1,0.5587,335
2,9,lunch,rain_exam,exam,1,0.6666,400
2,9,dinner,rain_exam,exam,1,0.7912,475
3,9,breakfast,exam,exam,0,0.6919,415
3,9,lunch,exam,exam,0,0.7731,464
3,9,dinner,exam,exam,0,0.8005,480
4,9,breakfast,exam,exam,0,0.6863,412
4,9,lunch,exam,exam,0,0.7393,444
4,9,dinner,exam,exam,0,0.8138,488
5,9,breakfast,rain_weekend,,1,0.1914,115
5,9,lunch,rain_weekend,,1,0.626,376
5,9,dinner,rain_weekend,,1,0.6157,369
6,9,breakfast,best_menu,,0,0.4804,288
6,9,lunch,best_menu,,0,0.7869,472
6,9,dinner,best_menu,,0,0.9079,545
0,9,breakfast,baseline,,0,0.4004,240
0,9,lunch,baseline,,0,0.7079,425
0,9,dinner,baseline,,0,0.759,455
1,9,breakfast,rain,,1,0.3197,192
1,9,lunch,rain,,1,0.5523,331
1,9,dinner,rain,,1,0.6255,375
2,9,breakfast,rain,,1,0.3051,183
2,9,lunch,rain,,1,0.5816,349
2,9,dinner,rain,,1,0.6007,360
3,9,breakfast,rain,,1,0.2895,174
3,9,lunch,rain,,1,0.5527,332
3,9,dinner,rain,,1,0.7066,424
4,9,breakfast,rain,,1,0.3117,187
4,9,lunch,rain,,1,0.4858,291
4,9,dinner,rain,,1,0.6217,373
5,9,breakfast,weekend,,0,0.2781,167
5,9,lunch,weekend,,0,0.7127,428
5,9,dinner,weekend,,0,0.866,520
6,9,breakfast,best_menu,,0,0.5083,305
6,9,lunch,best_menu,,0,0.8919,535
6,9,dinner,best_menu,,0,0.9176,551
0,9,breakfast,rain,,1,0.3276,197
0,9,lunch,rain,,1,0.536,322
0,9,dinner,rain,,1,0.6389,383
1,10,breakfast,pre_holiday,pre_holiday,0,0.3701,222
1,10,lunch,pre_holiday,pre_holiday,0,0.3652,219
1,10,dinner,pre_holiday,pre_holiday,0,0.5524,331
2,10,breakfast,post_holiday,holiday,0,0.3651,219
2,10,lunch,post_holiday,holiday,0,0.542,325
2,10,dinner,post_holiday,holiday,0,0.6736,404
3,10,breakfast,post_holiday,post_holiday,0,0.3632,218
3,10,lunch,post_holiday,post_holiday,0,0.5948,357
3,10,dinner,post_holiday,post_holiday,0,0.7133,428
4,10,breakfast,baseline,,0,0.4851,291
4,10,lunch,baseline,,0,0.6963,418
4,10,dinner,baseline,,0,0.8178,491
5,10,breakfast,weekend,,0,0.3144,189
5,10,lunch,weekend,,0,0.7291,437
5,10,dinner,weekend,,0,0.7146,429
6,10,breakfast,best_menu,,0,0.4755,285
6,10,lunch,best_menu,,0,0.7491,449
6,10,dinner,best_menu,,0,0.9939,596
0,10,breakfast,baseline,,0,0.5035,302
0,10,lunch,baseline,,0,0.6196,372
0,10,dinner,baseline,,0,0.6809,409
1,10,breakfast,baseline,,0,0.4537,272
1,10,lunch,baseline,,0,0.6373,382
1,10,dinner,baseline,,0,0.818,491
2,10,breakfast,baseline,,0,0.4627,278
2,10,lunch,baseline,,0,0.5832,350
2,10,dinner,baseline,,0,0.777,466
3,10,breakfast,rain,,1,0.2977,179
3,10,lunch,rain,,1,0.5233,314
3,10,dinner,rain,,1,0.624,374
4,10,breakfast,baseline,,0,0.5138,308
4,10,lunch,baseline,,0,0.6283,377
4,10,dinner,baseline,,0,0.7354,441
5,10,breakfast,weekend,,0,0.2785,167
5,10,lunch,weekend,,0,0.6853,411
5,10,dinner,weekend,,0,0.7404,444
6,10,breakfast,best_menu,,0,0.5263,316
6,10,lunch,best_menu,,0,0.8825,529
6,10,dinner,best_menu,,0,0.9044,543
0,10,breakfast,baseline,,0,0.4468,268
0,10,lunch,baseline,,0,0.6335,380
0,10,dinner,baseline,,0,0.8531,512
1,10,breakfast,baseline,,0,0.3779,227
1,10,lunch,baseline,,0,0.6058,363
1,10,dinner,baseline,,0,0.7509,451
2,10,breakfast,baseline,,0,0.467,280
2,10,lunch,baseline,,0,0.6139,368
2,10,dinner,baseline,,0,0.8111,487
3,10,breakfast,baseline,,0,0.4566,274
3,10,lunch,baseline,,0,0.6821,409
3,10,dinner,baseline,,0,0.7664,460
4,10,breakfast,baseline,,0,0.4751,285
4,10,lunch,baseline,,0,0.6389,383
4,10,dinner,baseline,,0,0.7501,450
5,10,breakfast,weekend,,0,0.2412,145
5,10,lunch,weekend,,0,0.6206,372
5,10,dinner,weekend,,0,0.7089,425
6,10,breakfast,best_menu,,0,0.5225,313
6,10,lunch,best_menu,,0,0.7035,422
6,10,dinner,best_menu,,0,0.8291,497
0,10,breakfast,baseline,,0,0.5385,323
0,10,lunch,baseline,,0,0.7246,435
0,10,dinner,baseline,,0,0.7253,435
1,10,breakfast,rain,,1,0.2876,173
1,10,lunch,rain,,1,0.4519,271
1,10,dinner,rain,,1,0.6274,376
2,10,breakfast,baseline,,0,0.4469,268
2,10,lunch,baseline,,0,0.5523,331
2,10,dinner,baseline,,0,0.7043,423
3,10,breakfast,baseline,,0,0.4632,278
3,10,lunch,baseline,,0,0.6545,393
3,10,dinner,baseline,,0,0.6708,402
4,10,breakfast,baseline,,0,0.4212,253
4,10,lunch,baseline,,0,0.6654,399
4,10,dinner,baseline,,0,0.7494,450
5,10,breakfast,weekend,,0,0.2924,175
5,10,lunch,weekend,,0,0.7205,432
5,10,dinner,weekend,,0,0.8217,493
6,10,breakfast,best_menu,,0,0.5987,359
6,10,lunch,best_menu,,0,0.8645,519
6,10,dinner,best_menu,,0,0.8815,529
0,10,breakfast,baseline,,0,0.5196,312
0,10,lunch,baseline,,0,0.7327,440
0,10,dinner,baseline,,0,0.6763,406
1,10,breakfast,baseline,,0,0.5035,302
1,10,lunch,baseline,,0,0.5797,348
1,10,dinner,baseline,,0,0.6706,402
2,10,breakfast,baseline,,0,0.4651,279
2,10,lunch,baseline,,0,0.6281,377
2,10,dinner,baseline,,0,0.711,427
3,10,breakfast,baseline,,0,0.4244,255
3,10,lunch,baseline,,0,0.5888,353
3,10,dinner,baseline,,0,0.8869,532
4,11,breakfast,baseline,,0,0.4819,289
4,11,lunch,baseline,,0,0.6086,365
4,11,dinner,baseline,,0,0.7388,443
5,11,breakfast,weekend,,0,0.2364,142
5,11,lunch,weekend,,0,0.6228,374
5,11,dinner,weekend,,0,0.6699,402
6,11,breakfast,best_menu,,0,0.4823,289
6,11,lunch,best_menu,,0,0.8848,531
6,11,dinner,best_menu,,0,0.8968,538
0,11,breakfast,baseline,,0,0.4648,279
0,11,lunch,baseline,,0,0.673,404
0,11,dinner,baseline,,0,0.6959,418
1,11,breakfast,baseline,,0,0.4762,286
1,11,lunch,baseline,,0,0.6041,362
1,11,dinner,baseline,,0,0.7836,470
2,11,breakfast,baseline,,0,0.4302,258
2,11,lunch,baseline,,0,0.5764,346
2,11,dinner,baseline,,0,0.679,407
3,11,breakfast,baseline,,0,0.3677,221
3,11,lunch,baseline,,0,0.6377,383
3,11,dinner,baseline,,0,0.7696,462
4,11,breakfast,baseline,,0,0.451,271
4,11,lunch,baseline,,0,0.6622,397
4,11,dinner,baseline,,0,0.7871,472
5,11,breakfast,weekend,,0,0.3306,198
5,11,lunch,weekend,,0,0.6439,386
5,11,dinner,weekend,,0,0.8888,533
6,11,breakfast,best_menu,,0,0.5779,347
6,11,lunch,best_menu,,0,0.8044,483
6,11,dinner,best_menu,,0,0.8703,522
0,11,breakfast,baseline,,0,0.4438,266
0,11,lunch,baseline,,0,0.5543,333
0,11,dinner,baseline,,0,0.808,485
1,11,breakfast,baseline,,0,0.4213,253
1,11,lunch,baseline,,0,0.6486,389
1,11,dinner,baseline,,0,0.7065,424
2,11,breakfast,baseline,,0,0.4779,287
2,11,lunch,baseline,,0,0.6314,379
2,11,dinner,baseline,,0,0.8544,513
3,11,breakfast,baseline,,0,0.486,292
3,11,lunch,baseline,,0,0.6383,383
3,11,dinner,baseline,,0,0.7977,479
4,11,breakfast,baseline,,0,0.4482,269
4,11,lunch,baseline,,0,0.6275,376
4,11,dinner,baseline,,0,0.6998,420
5,11,breakfast,weekend,,0,0.3156,189
5,11,lunch,weekend,,0,0.7332,440
5,11,dinner,weekend,,0,0.8796,528
6,11,breakfast,best_menu,,0,0.5173,310
6,11,lunch,best_menu,,0,0.8239,494
6,11,dinner,best_menu,,0,0.8551,513
0,11,breakfast,rain_exam,exam,1,0.5553,333
0,11,lunch,rain_exam,exam,1,0.7531,452
0,11,dinner,rain_exam,exam,1,0.7547,453
1,11,breakfast,rain_exam,exam,1,0.639,383
1,11,lunch,rain_exam,exam,1,0.5509,331
1,11,dinner,rain_exam,exam,1,0.6152,369
2,11,breakfast,exam,exam,0,0.6531,392
2,11,lunch,exam,exam,0,0.748,449
2,11,dinner,exam,exam,0,0.7747,465
3,11,breakfast,exam,exam,0,0.7542,453
3,11,lunch,exam,exam,0,0.7817,469
3,11,dinner,exam,exam,0,0.8784,527
4,11,breakfast,exam,exam,0,0.6295,378
4,11,lunch,exam,exam,0,0.6084,365
4,11,dinner,exam,exam,0,0.8845,531
5,11,breakfast,exam,exam,0,0.5681,341
5,11,lunch,exam,exam,0,0.6945,417
5,11,dinner,exam,exam,0,0.7864,472
6,11,breakfast,exam,exam,0,0.6528,392
6,11,lunch,exam,exam,0,0.611,367
6,11,dinner,exam,exam,0,0.9093,546
0,11,breakfast,exam,exam,0,0.6369,382
0,11,lunch,exam,exam,0,0.5878,353
0,11,dinner,exam,exam,0,0.7976,479
1,11,breakfast,exam,exam,0,0.5055,303
1,11,lunch,exam,exam,0,0.7129,428
1,11,dinner,exam,exam,0,0.7849,471
2,11,breakfast,exam,exam,0,0.6149,369
2,11,lunch,exam,exam,0,0.757,454
2,11,dinner,exam,exam,0,0.9059,544
3,11,breakfast,exam,exam,0,0.6394,384
3,11,lunch,exam,exam,0,0.7554,453
3,11,dinner,exam,exam,0,0.7637,458
4,11,breakfast,exam,exam,0,0.6105,366
4,11,lunch,exam,exam,0,0.7004,420
4,11,dinner,exam,exam,0,0.8651,519
5,11,breakfast,weekend,,0,0.3055,183
5,11,lunch,weekend,,0,0.7542,453
5,11,dinner,weekend,,0,0.8017,481
6,12,breakfast,best_menu,,0,0.5281,317
6,12,lunch,best_menu,,0,0.8475,508
6,12,dinner,best_menu,,0,0.7648,459
0,12,breakfast,baseline,,0,0.4816,289
0,12,lunch,baseline,,0,0.647,388
0,12,dinner,baseline,,0,0.7747,465
1,12,breakfast,baseline,,0,0.4669,280
1,12,lunch,baseline,,0,0.6667,400
1,12,dinner,baseline,,0,0.9126,548
2,12,breakfast,baseline,,0,0.4213,253
2,12,lunch,baseline,,0,0.655,393
2,12,dinner,baseline,,0,0.7763,466
3,12,breakfast,baseline,,0,0.4128,248
3,12,lunch,baseline,,0,0.7504,450
3,12,dinner,baseline,,0,0.7696,462
4,12,breakfast,baseline,,0,0.483,290
4,12,lunch,baseline,,0,0.6278,377
4,12,dinner,baseline,,0,0.7348,441
5,12,breakfast,weekend,,0,0.269,161
5,12,lunch,weekend,,0,0.7197,432
5,12,dinner,weekend,,0,0.9032,542
6,12,breakfast,best_menu,,0,0.5173,310
6,12,lunch,best_menu,,0,0.7675,461
6,12,dinner,best_menu,,0,0.8705,522
0,12,breakfast,baseline,,0,0.4364,262
0,12,lunch,baseline,,0,0.6798,408
0,12,dinner,baseline,,0,0.646,388
1,12,breakfast,baseline,,0,0.4363,262
1,12,lunch,baseline,,0,0.6524,391
1,12,dinner,baseline,,0,0.6824,409
2,12,breakfast,baseline,,0,0.4948,297
2,12,lunch,baseline,,0,0.682,409
2,12,dinner,baseline,,0,0.6591,395
3,12,breakfast,baseline,,0,0.4646,279
3,12,lunch,baseline,,0,0.552,331
3,12,dinner,baseline,,0,0.7485,449
4,12,breakfast,baseline,,0,0.47,282
4,12,lunch,baseline,,0,0.6423,385
4,12,dinner,baseline,,0,0.7675,460
5,12,breakfast,weekend,,0,0.3294,198
5,12,lunch,weekend,,0,0.5394,324
5,12,dinner,weekend,,0,0.7634,458
6,12,breakfast,post_holiday,holiday,0,0.3296,198
6,12,lunch,post_holiday,holiday,0,0.5457,327
6,12,dinner,post_holiday,holiday,0,0.6966,418
0,12,breakfast,post_holiday,holiday,0,0.3936,236
0,12,lunch,post_holiday,holiday,0,0.502,301
0,12,dinner,post_holiday,holiday,0,0.5993,360
1,12,breakfast,post_holiday,holiday,0,0.3667,220
1,12,lunch,post_holiday,holiday,0,0.5617,337
1,12,dinner,post_holiday,holiday,0,0.5385,323
2,12,breakfast,post_holiday,holiday,0,0.4018,241
2,12,lunch,post_holiday,holiday,0,0.5338,320
2,12,dinner,post_holiday,holiday,0,0.6625,397
3,12,breakfast,post_holiday,holiday,0,0.4196,252
3,12,lunch,post_holiday,holiday,0,0.5276,317
3,12,dinner,post_holiday,holiday,0,0.623,374
4,12,breakfast,post_holiday,holiday,0,0.3655,219
4,12,lunch,post_holiday,holiday,0,0.5718,343
4,12,dinner,post_holiday,holiday,0,0.6463,388
5,12,breakfast,post_holiday,holiday,0,0.3831,230
5,12,lunch,post_holiday,holiday,0,0.5639,338
5,12,dinner,post_holiday,holiday,0,0.6121,367
6,12,breakfast,post_holiday,holiday,0,0.3353,201
6,12,lunch,post_holiday,holiday,0,0.5963,358
6,12,dinner,post_holiday,holiday,0,0.7026,422
0,12,breakfast,post_holiday,holiday,0,0.4517,271
0,12,lunch,post_holiday,holiday,0,0.5848,351
0,12,dinner,post_holiday,holiday,0,0.6825,410
1,12,breakfast,post_holiday,holiday,0,0.3767,226
1,12,lunch,post_holiday,holiday,0,0.5326,320
1,12,dinner,post_holiday,holiday,0,0.6531,392
2,12,breakfast,post_holiday,holiday,0,0.3889,233
2,12,lunch,post_holiday,holiday,0,0.5022,301
2,12,dinner,post_holiday,holiday,0,0.6751,405
3,12,breakfast,post_holiday,holiday,0,0.4034,242
3,12,lunch,post_holiday,holiday,0,0.574,344
3,12,dinner,post_holiday,holiday,0,0.6196,372
4,12,breakfast,post_holiday,holiday,0,0.3567,214
4,12,lunch,post_holiday,holiday,0,0.4708,282
4,12,dinner,post_holiday,holiday,0,0.6453,387
5,12,breakfast,post_holiday,holiday,0,0.3698,222
5,12,lunch,post_holiday,holiday,0,0.4136,248
5,12,dinner,post_holiday,holiday,0,0.5701,342
6,12,breakfast,post_holiday,holiday,0,0.363,218
6,12,lunch,post_holiday,holiday,0,0.5573,334
6,12,dinner,post_holiday,holiday,0,0.5629,338
0,12,breakfast,post_holiday,holiday,0,0.3789,227
0,12,lunch,post_holiday,holiday,0,0.5542,333
0,12,dinner,post_holiday,holiday,0,0.7512,451
1,12,breakfast,post_holiday,holiday,0,0.3739,224
1,12,lunch,post_holiday,holiday,0,0.516,310
1,12,dinner,post_holiday,holiday,0,0.6168,370
2,1,breakfast,baseline,,0,0.4462,268
2,1,lunch,baseline,,0,0.6133,368
2,1,dinner,baseline,,0,0.838,503
3,1,breakfast,baseline,,0,0.5328,320
3,1,lunch,baseline,,0,0.6379,383
3,1,dinner,baseline,,0,0.8571,514
4,1,breakfast,baseline,,0,0.4847,291
4,1,lunch,baseline,,0,0.5966,358
4,1,dinner,baseline,,0,0.6988,419
5,1,breakfast,weekend,,0,0.3237,194
5,1,lunch,weekend,,0,0.7023,421
5,1,dinner,weekend,,0,0.7027,422
6,1,breakfast,best_menu,,0,0.4724,283
6,1,lunch,best_menu,,0,0.6869,412
6,1,dinner,best_menu,,0,0.9079,545
0,1,breakfast,baseline,,0,0.4495,270
0,1,lunch,baseline,,0,0.5188,311
0,1,dinner,baseline,,0,0.7386,443
1,1,breakfast,baseline,,0,0.5255,315
1,1,lunch,baseline,,0,0.5595,336
1,1,dinner,baseline,,0,0.7266,436
2,1,breakfast,baseline,,0,0.4662,280
2,1,lunch,baseline,,0,0.6619,397
2,1,dinner,baseline,,0,0.7569,454
3,1,breakfast,baseline,,0,0.478,287
3,1,lunch,baseline,,0,0.5923,355
3,1,dinner,baseline,,0,0.8027,482
4,1,breakfast,baseline,,0,0.4618,277
4,1,lunch,baseline,,0,0.6424,385
4,1,dinner,baseline,,0,0.713,428
5,1,breakfast,weekend,,0,0.2851,171
5,1,lunch,weekend,,0,0.64,384
5,1,dinner,weekend,,0,0.7612,457
6,1,breakfast,best_menu,,0,0.5471,328
6,1,lunch,best_menu,,0,0.7264,436
6,1,dinner,best_menu,,0,0.9513,571
0,1,breakfast,baseline,,0,0.4296,258
0,1,lunch,baseline,,0,0.6017,361
0,1,dinner,baseline,,0,0.8295,498
1,1,breakfast,baseline,,0,0.4424,265
1,1,lunch,baseline,,0,0.6586,395
1,1,dinner,baseline,,0,0.6236,374
2,1,breakfast,baseline,,0,0.5219,313
2,1,lunch,baseline,,0,0.64,384
2,1,dinner,baseline,,0,0.7541,452
3,1,breakfast,baseline,,0,0.4822,289
3,1,lunch,baseline,,0,0.5321,319
3,1,dinner,baseline,,0,0.6491,389
4,1,breakfast,baseline,,0,0.4243,255
4,1,lunch,baseline,,0,0.6998,420
4,1,dinner,baseline,,0,0.7311,439
5,1,breakfast,weekend,,0,0.2696,162
5,1,lunch,weekend,,0,0.546,328
5,1,dinner,weekend,,0,0.7687,461
6,1,breakfast,best_menu,,0,0.5152,309
6,1,lunch,best_menu,,0,0.869,521
6,1,dinner,best_menu,,0,0.9863,592
0,1,breakfast,rain,,1,0.2626,158
0,1,lunch,rain,,1,0.5597,336
0,1,dinner,rain,,1,0.6615,397
1,1,breakfast,baseline,,0,0.4853,291
1,1,lunch,baseline,,0,0.5743,345
1,1,dinner,baseline,,0,0.8705,522
2,1,breakfast,baseline,,0,0.477,286
2,1,lunch,baseline,,0,0.5478,329
2,1,dinner,baseline,,0,0.6942,417
3,1,breakfast,baseline,,0,0.4406,264
3,1,lunch,baseline,,0,0.6759,406
3,1,dinner,baseline,,0,0.7642,459
4,1,breakfast,baseline,,0,0.4991,299
4,1,lunch,baseline,,0,0.6213,373
4,1,dinner,baseline,,0,0.6432,386
5,1,breakfast,pre_holiday,pre_holiday,0,0.435,261
5,1,lunch,pre_holiday,pre_holiday,0,0.4299,258
5,1,dinner,pre_holiday,pre_holiday,0,0.4592,276
6,1,breakfast,post_holiday,holiday,0,0.3655,219
6,1,lunch,post_holiday,holiday,0,0.5258,315
6,1,dinner,post_holiday,holiday,0,0.5636,338
0,1,breakfast,post_holiday,post_holiday,0,0.361,217
0,1,lunch,post_holiday,post_holiday,0,0.5751,345
0,1,dinner,post_holiday,post_holiday,0,0.6743,405
1,1,breakfast,baseline,,0,0.4359,262
1,1,lunch,baseline,,0,0.6404,384
1,1,dinner,baseline,,0,0.701,421
2,1,breakfast,baseline,,0,0.4162,250
2,1,lunch,baseline,,0,0.6012,361
2,1,dinner,baseline,,0,0.6802,408
3,1,breakfast,baseline,,0,0.4763,286
3,1,lunch,baseline,,0,0.5529,332
3,1,dinner,baseline,,0,0.7515,451
4,1,breakfast,baseline,,0,0.4623,277
4,1,lunch,baseline,,0,0.6327,380
4,1,dinner,baseline,,0,0.6628,398
5,2,breakfast,weekend,,0,0.3007,180
5,2,lunch,weekend,,0,0.7576,455
5,2,dinner,weekend,,0,0.6446,387
6,2,breakfast,rain_weekend,,1,0.219,131
6,2,lunch,rain_weekend,,1,0.5927,356
6,2,dinner,rain_weekend,,1,0.696,418
0,2,breakfast,baseline,,0,0.4457,267
0,2,lunch,baseline,,0,0.5512,331
0,2,dinner,baseline,,0,0.6093,366
1,2,breakfast,baseline,,0,0.4145,249
1,2,lunch,baseline,,0,0.6103,366
1,2,dinner,baseline,,0,0.6668,400
2,2,breakfast,baseline,,0,0.4437,266
2,2,lunch,baseline,,0,0.5964,358
2,2,dinner,baseline,,0,0.7727,464
3,2,breakfast,baseline,,0,0.4616,277
3,2,lunch,baseline,,0,0.6454,387
3,2,dinner,baseline,,0,0.8447,507
4,2,breakfast,baseline,,0,0.448,269
4,2,lunch,baseline,,0,0.6907,414
4,2,dinner,baseline,,0,0.8259,496
5,2,breakfast,weekend,,0,0.2925,176
5,2,lunch,weekend,,0,0.7761,466
5,2,dinner,weekend,,0,0.8152,489
6,2,breakfast,best_menu,,0,0.524,314
6,2,lunch,best_menu,,0,0.7754,465
6,2,dinner,best_menu,,0,0.9208,552
0,2,breakfast,baseline,,0,0.4485,269
0,2,lunch,baseline,,0,0.6373,382
0,2,dinner,baseline,,0,0.7093,426
1,2,breakfast,baseline,,0,0.5549,333
1,2,lunch,baseline,,0,0.5433,326
1,2,dinner,baseline,,0,0.7694,462
2,2,breakfast,rain_exam,exam,1,0.6103,366
2,2,lunch,rain_exam,exam,1,0.6691,401
2,2,dinner,rain_exam,exam,1,0.778,467
3,2,breakfast,exam,exam,0,0.66,396
3,2,lunch,exam,exam,0,0.7997,480
3,2,dinner,exam,exam,0,0.7041,422
4,2,breakfast,exam,exam,0,0.6695,402
4,2,lunch,exam,exam,0,0.7966,478
4,2,dinner,exam,exam,0,0.7821,469
5,2,breakfast,exam,exam,0,0.6576,395
5,2,lunch,exam,exam,0,0.7323,439
5,2,dinner,exam,exam,0,0.8863,532
6,2,breakfast,exam,exam,0,0.5582,335
6,2,lunch,exam,exam,0,0.7905,474
6,2,dinner,exam,exam,0,0.8672,520
0,2,breakfast,exam,exam,0,0.5735,344
0,2,lunch,exam,exam,0,0.7628,458
0,2,dinner,exam,exam,0,0.6993,420
1,2,breakfast,exam,exam,0,0.5724,343
1,2,lunch,exam,exam,0,0.7365,442
1,2,dinner,exam,exam,0,0.8584,515
2,2,breakfast,exam,exam,0,0.6407,384
2,2,lunch,exam,exam,0,0.6926,416
2,2,dinner,exam,exam,0,0.8315,499
3,2,breakfast,exam,exam,0,0.6779,407
3,2,lunch,exam,exam,0,0.7107,426
3,2,dinner,exam,exam,0,0.8503,510
4,2,breakfast,exam,exam,0,0.6702,402
4,2,lunch,exam,exam,0,0.6301,378
4,2,dinner,exam,exam,0,0.9188,551
5,2,breakfast,exam,exam,0,0.7741,464
5,2,lunch,exam,exam,0,0.6688,401
5,2,dinner,exam,exam,0,0.8595,516
6,2,breakfast,best_menu,,0,0.5842,350
6,2,lunch,best_menu,,0,0.7554,453
6,2,dinner,best_menu,,0,0.9161,550
0,2,breakfast,baseline,,0,0.4602,276
0,2,lunch,baseline,,0,0.5979,359
0,2,dinner,baseline,,0,0.7446,447
1,2,breakfast,baseline,,0,0.4549,273
1,2,lunch,baseline,,0,0.6561,394
1,2,dinner,baseline,,0,0.7364,442
2,2,breakfast,baseline,,0,0.4856,291
2,2,lunch,baseline,,0,0.6518,391
2,2,dinner,baseline,,0,0.7064,424
3,2,breakfast,rain,,1,0.2786,167
3,2,lunch,rain,,1,0.4896,294
3,2,dinner,rain,,1,0.6061,364
4,2,breakfast,baseline,,0,0.427,256
4,2,lunch,baseline,,0,0.6658,399
4,2,dinner,baseline,,0,0.7177,431
5,3,breakfast,rain_weekend,,1,0.1977,119
5,3,lunch,rain_weekend,,1,0.6419,385
5,3,dinner,rain_weekend,,1,0.6381,383
6,3,breakfast,best_menu,,0,0.5267,316
6,3,lunch,best_menu,,0,0.7116,427
6,3,dinner,best_menu,,0,0.8617,517
0,3,breakfast,baseline,,0,0.4648,279
0,3,lunch,baseline,,0,0.6097,366
0,3,dinner,baseline,,0,0.8925,535
1,3,breakfast,baseline,,0,0.4573,274
1,3,lunch,baseline,,0,0.5762,346
1,3,dinner,baseline,,0,0.7204,432
2,3,breakfast,baseline,,0,0.3663,220
2,3,lunch,baseline,,0,0.6453,387
2,3,dinner,baseline,,0,0.8642,519
3,3,breakfast,baseline,,0,0.4594,276
3,3,lunch,baseline,,0,0.6853,411
3,3,dinner,baseline,,0,0.7402,444
4,3,breakfast,baseline,,0,0.3681,221
4,3,lunch,baseline,,0,0.6658,399
4,3,dinner,baseline,,0,0.7432,446
5,3,breakfast,weekend,,0,0.303,182
5,3,lunch,weekend,,0,0.6673,400
5,3,dinner,weekend,,0,0.7502,450
6,3,breakfast,best_menu,,0,0.4762,286
6,3,lunch,best_menu,,0,0.867,520
6,3,dinner,best_menu,,0,0.7994,480
0,3,breakfast,fest,fest,0,0.25,150
0,3,lunch,fest,fest,0,0.1999,120
0,3,dinner,fest,fest,0,0.3695,222
1,3,breakfast,fest,fest,0,0.2075,124
1,3,lunch,fest,fest,0,0.1844,111
1,3,dinner,fest,fest,0,0.3678,221
2,3,breakfast,fest,fest,0,0.2161,130
2,3,lunch,fest,fest,0,0.1802,108
2,3,dinner,fest,fest,0,0.3244,195
3,3,breakfast,fest,fest,0,0.2325,140
3,3,lunch,fest,fest,0,0.1633,98
3,3,dinner,fest,fest,0,0.3611,217
4,3,breakfast,baseline,,0,0.454,272
4,3,lunch,baseline,,0,0.6136,368
4,3,dinner,baseline,,0,0.8386,503
5,3,breakfast,weekend,,0,0.2685,161
5,3,lunch,weekend,,0,0.7376,443
5,3,dinner,weekend,,0,0.7348,441
6,3,breakfast,best_menu,,0,0.5467,328
6,3,lunch,best_menu,,0,0.7685,461
6,3,dinner,best_menu,,0,0.9643,579
0,3,breakfast,baseline,,0,0.4277,257
0,3,lunch,baseline,,0,0.6001,360
0,3,dinner,baseline,,0,0.7161,430
1,3,breakfast,baseline,,0,0.4726,284
1,3,lunch,baseline,,0,0.72,432
1,3,dinner,baseline,,0,0.8861,532
2,3,breakfast,baseline,,0,0.4525,272
2,3,lunch,baseline,,0,0.5737,344
2,3,dinner,baseline,,0,0.7033,422
3,3,breakfast,baseline,,0,0.4119,247
3,3,lunch,baseline,,0,0.58,348
3,3,dinner,baseline,,0,0.7413,445
4,3,breakfast,baseline,,0,0.4803,288
4,3,lunch,baseline,,0,0.5868,352
4,3,dinner,baseline,,0,0.9186,551
5,3,breakfast,weekend,,0,0.2925,176
5,3,lunch,weekend,,0,0.6747,405
5,3,dinner,weekend,,0,0.7878,473
6,3,breakfast,best_menu,,0,0.6061,364
6,3,lunch,best_menu,,0,0.8716,523
6,3,dinner,best_menu,,0,0.9214,553
0,3,breakfast,baseline,,0,0.4576,275
0,3,lunch,baseline,,0,0.5765,346
0,3,dinner,baseline,,0,0.8377,503
1,3,breakfast,baseline,,0,0.4534,272
1,3,lunch,baseline,,0,0.5099,306
1,3,dinner,baseline,,0,0.691,415
2,3,breakfast,baseline,,0,0.4937,296
2,3,lunch,baseline,,0,0.6895,414
2,3,dinner,baseline,,0,0.6545,393
3,3,breakfast,baseline,,0,0.4866,292
3,3,lunch,baseline,,0,0.5493,330
3,3,dinner,baseline,,0,0.7495,450
4,3,breakfast,baseline,,0,0.4392,264
4,3,lunch,baseline,,0,0.5395,324
4,3,dinner,baseline,,0,0.7305,438
5,3,breakfast,weekend,,0,0.2964,178
5,3,lunch,weekend,,0,0.6684,401
5,3,dinner,weekend,,0,0.7556,453
6,3,breakfast,best_menu,,0,0.5522,331
6,3,lunch,best_menu,,0,0.7805,468
6,3,dinner,best_menu,,0,0.8705,522
0,3,breakfast,baseline,,0,0.3808,229
0,3,lunch,baseline,,0,0.6575,395
0,3,dinner,baseline,,0,0.75,450
1,4,breakfast,baseline,,0,0.4846,291
1,4,lunch,baseline,,0,0.5344,321
1,4,dinner,baseline,,0,0.6316,379
2,4,breakfast,baseline,,0,0.4497,270
2,4,lunch,baseline,,0,0.642,385
2,4,dinner,baseline,,0,0.7223,433
3,4,breakfast,baseline,,0,0.4836,290
3,4,lunch,baseline,,0,0.6579,395
3,4,dinner,baseline,,0,0.7344,441
4,4,breakfast,baseline,,0,0.4777,287
4,4,lunch,baseline,,0,0.6952,417
4,4,dinner,baseline,,0,0.7887,473
5,4,breakfast,weekend,,0,0.3162,190
5,4,lunch,weekend,,0,0.7482,449
5,4,dinner,weekend,,0,0.881,529
6,4,breakfast,best_menu,,0,0.5237,314
6,4,lunch,best_menu,,0,0.8478,509
6,4,dinner,best_menu,,0,0.9041,542
0,4,breakfast,baseline,,0,0.4649,279
0,4,lunch,baseline,,0,0.6627,398
0,4,dinner,baseline,,0,0.7553,453
1,4,breakfast,baseline,,0,0.4407,264
1,4,lunch,baseline,,0,0.7082,425
1,4,dinner,baseline,,0,0.696,418
2,4,breakfast,baseline,,0,0.4504,270
2,4,lunch,baseline,,0,0.6779,407
2,4,dinner,baseline,,0,0.6602,396
3,4,breakfast,baseline,,0,0.3766,226
3,4,lunch,baseline,,0,0.635,381
3,4,dinner,baseline,,0,0.6829,410
4,4,breakfast,rain,,1,0.3334,200
4,4,lunch,rain,,1,0.506,304
4,4,dinner,rain,,1,0.6451,387
5,4,breakfast,weekend,,0,0.3161,190
5,4,lunch,weekend,,0,0.7266,436
5,4,dinner,weekend,,0,0.74,444
6,4,breakfast,rain_weekend,,1,0.2167,130
6,4,lunch,rain_weekend,,1,0.6189,371
6,4,dinner,rain_weekend,,1,0.5922,355
0,4,breakfast,baseline,,0,0.411,247
0,4,lunch,baseline,,0,0.7049,423
0,4,dinner,baseline,,0,0.8114,487
1,4,breakfast,baseline,,0,0.4557,273
1,4,lunch,baseline,,0,0.6227,374
1,4,dinner,baseline,,0,0.7907,474
2,4,breakfast,baseline,,0,0.4585,275
2,4,lunch,baseline,,0,0.6775,407
2,4,dinner,baseline,,0,0.7163,430
3,4,breakfast,baseline,,0,0.407,244
3,4,lunch,baseline,,0,0.5794,348
3,4,dinner,baseline,,0,0.6403,384
4,4,breakfast,baseline,,0,0.5151,309
4,4,lunch,baseline,,0,0.7055,423
4,4,dinner,baseline,,0,0.6524,391
5,4,breakfast,rain_weekend,,1,0.2228,134
5,4,lunch,rain_weekend,,1,0.5781,347
5,4,dinner,rain_weekend,,1,0.6721,403
6,4,breakfast,exam,exam,0,0.6639,398
6,4,lunch,exam,exam,0,0.6709,403
6,4,dinner,exam,exam,0,0.8805,528
0,4,breakfast,exam,exam,0,0.6782,407
0,4,lunch,exam,exam,0,0.7934,476
0,4,dinner,exam,exam,0,0.8124,487
1,4,breakfast,exam,exam,0,0.5379,323
1,4,lunch,exam,exam,0,0.7177,431
1,4,dinner,exam,exam,0,0.8263,496
2,4,breakfast,exam,exam,0,0.6736,404
2,4,lunch,exam,exam,0,0.7069,424
2,4,dinner,exam,exam,0,0.7921,475
3,4,breakfast,exam,exam,0,0.7057,423
3,4,lunch,exam,exam,0,0.7687,461
3,4,dinner,exam,exam,0,0.8577,515
4,4,breakfast,exam,exam,0,0.5896,354
4,4,lunch,exam,exam,0,0.7352,441
4,4,dinner,exam,exam,0,0.8769,526
5,4,breakfast,exam,exam,0,0.6726,404
5,4,lunch,exam,exam,0,0.6875,413
5,4,dinner,exam,exam,0,0.902,541
6,4,breakfast,exam,exam,0,0.4983,299
6,4,lunch,exam,exam,0,0.8032,482
6,4,dinner,exam,exam,0,0.6554,393
0,4,breakfast,exam,exam,0,0.7033,422
0,4,lunch,exam,exam,0,0.7147,429
0,4,dinner,exam,exam,0,0.765,459
1,4,breakfast,exam,exam,0,0.7034,422
1,4,lunch,exam,exam,0,0.6206,372
1,4,dinner,exam,exam,0,0.9449,567
2,4,breakfast,exam,exam,0,0.588,353
2,4,lunch,exam,exam,0,0.6991,419
2,4,dinner,exam,exam,0,0.7961,478
3,5,breakfast,post_holiday,holiday,0,0.4058,243
3,5,lunch,post_holiday,holiday,0,0.4672,280
3,5,dinner,post_holiday,holiday,0,0.6129,368
4,5,breakfast,post_holiday,holiday,0,0.423,254
4,5,lunch,post_holiday,holiday,0,0.4832,290
4,5,dinner,post_holiday,holiday,0,0.7146,429
5,5,breakfast,post_holiday,holiday,0,0.3477,209
5,5,lunch,post_holiday,holiday,0,0.5123,307
5,5,dinner,post_holiday,holiday,0,0.5927,356
6,5,breakfast,post_holiday,holiday,0,0.3862,232
6,5,lunch,post_holiday,holiday,0,0.4885,293
6,5,dinner,post_holiday,holiday,0,0.5229,314
0,5,breakfast,post_holiday,holiday,0,0.328,197
0,5,lunch,post_holiday,holiday,0,0.5091,305
0,5,dinner,post_holiday,holiday,0,0.5873,352
1,5,breakfast,post_holiday,holiday,0,0.4447,267
1,5,lunch,post_holiday,holiday,0,0.5441,326
1,5,dinner,post_holiday,holiday,0,0.6458,387
2,5,breakfast,post_holiday,holiday,0,0.3633,218
2,5,lunch,post_holiday,holiday,0,0.551,331
2,5,dinner,post_holiday,holiday,0,0.5814,349
3,5,breakfast,post_holiday,holiday,0,0.3465,208
3,5,lunch,post_holiday,holiday,0,0.5293,318
3,5,dinner,post_holiday,holiday,0,0.6036,362
4,5,breakfast,post_holiday,holiday,0,0.3637,218
4,5,lunch,post_holiday,holiday,0,0.5299,318
4,5,dinner,post_holiday,holiday,0,0.6214,373
5,5,breakfast,post_holiday,holiday,0,0.3982,239
5,5,lunch,post_holiday,holiday,0,0.552,331
5,5,dinner,post_holiday,holiday,0,0.6288,377
6,5,breakfast,post_holiday,holiday,0,0.4078,245
6,5,lunch,post_holiday,holiday,0,0.5314,319
6,5,dinner,post_holiday,holiday,0,0.6178,371
0,5,breakfast,rain_weekend,holiday,1,0.2271,136
0,5,lunch,rain_weekend,holiday,1,0.5357,321
0,5,dinner,rain_weekend,holiday,1,0.7077,425
1,5,breakfast,post_holiday,holiday,0,0.39,234
1,5,lunch,post_holiday,holiday,0,0.6099,366
1,5,dinner,post_holiday,holiday,0,0.6581,395
2,5,breakfast,post_holiday,holiday,0,0.3661,220
2,5,lunch,post_holiday,holiday,0,0.543,326
2,5,dinner,post_holiday,holiday,0,0.6206,372
3,5,breakfast,post_holiday,holiday,0,0.3744,225
3,5,lunch,post_holiday,holiday,0,0.5503,330
3,5,dinner,post_holiday,holiday,0,0.5945,357
4,5,breakfast,post_holiday,holiday,0,0.3416,205
4,5,lunch,post_holiday,holiday,0,0.5586,335
4,5,dinner,post_holiday,holiday,0,0.661,397
5,5,breakfast,rain_weekend,holiday,1,0.2154,129
5,5,lunch,rain_weekend,holiday,1,0.6042,363
5,5,dinner,rain_weekend,holiday,1,0.6876,413
6,5,breakfast,post_holiday,holiday,0,0.3805,228
6,5,lunch,post_holiday,holiday,0,0.5187,311
6,5,dinner,post_holiday,holiday,0,0.7455,447
0,5,breakfast,rain_weekend,holiday,1,0.1893,114
0,5,lunch,rain_weekend,holiday,1,0.6208,372
0,5,dinner,rain_weekend,holiday,1,0.6801,408
1,5,breakfast,post_holiday,holiday,0,0.4178,251
1,5,lunch,post_holiday,holiday,0,0.5376,323
1,5,dinner,post_holiday,holiday,0,0.577,346
2,5,breakfast,post_holiday,holiday,0,0.4025,242
2,5,lunch,post_holiday,holiday,0,0.4869,292
2,5,dinner,post_holiday,holiday,0,0.7234,434
3,5,breakfast,post_holiday,holiday,0,0.383,230
3,5,lunch,post_holiday,holiday,0,0.6106,366
3,5,dinner,post_holiday,holiday,0,0.6414,385
4,5,breakfast,post_holiday,holiday,0,0.3631,218
4,5,lunch,post_holiday,holiday,0,0.5669,340
4,5,dinner,post_holiday,holiday,0,0.6575,394
5,5,breakfast,post_holiday,holiday,0,0.3591,215
5,5,lunch,post_holiday,holiday,0,0.5473,328
5,5,dinner,post_holiday,holiday,0,0.6298,378
6,5,breakfast,post_holiday,holiday,0,0.3382,203
6,5,lunch,post_holiday,holiday,0,0.5662,340
6,5,dinner,post_holiday,holiday,0,0.5015,301
0,5,breakfast,post_holiday,holiday,0,0.3687,221
0,5,lunch,post_holiday,holiday,0,0.5984,359
0,5,dinner,post_holiday,holiday,0,0.6083,365
1,5,breakfast,post_holiday,holiday,0,0.3712,223
1,5,lunch,post_holiday,holiday,0,0.5466,328
1,5,dinner,post_holiday,holiday,0,0.6707,402
2,5,breakfast,post_holiday,holiday,0,0.4139,248
2,5,lunch,post_holiday,holiday,0,0.4986,299
2,5,dinner,post_holiday,holiday,0,0.6483,389
3,5,breakfast,post_holiday,holiday,0,0.4036,242
3,5,lunch,post_holiday,holiday,0,0.6247,375
3,5,dinner,post_holiday,holiday,0,0.5947,357
4,5,breakfast,post_holiday,holiday,0,0.3528,212
4,5,lunch,post_holiday,holiday,0,0.5703,342
4,5,dinner,post_holiday,holiday,0,0.6586,395
5,5,breakfast,post_holiday,holiday,0,0.3489,209
5,5,lunch,post_holiday,holiday,0,0.5749,345
5,5,dinner,post_holiday,holiday,0,0.5713,343
6,6,breakfast,rain_weekend,holiday,1,0.2457,147
6,6,lunch,rain_weekend,holiday,1,0.6176,371
6,6,dinner,rain_weekend,holiday,1,0.6978,419
0,6,breakfast,post_holiday,holiday,0,0.3278,197
0,6,lunch,post_holiday,holiday,0,0.5155,309
0,6,dinner,post_holiday,holiday,0,0.578,347
1,6,breakfast,post_holiday,holiday,0,0.4362,262
1,6,lunch,post_holiday,holiday,0,0.5535,332
1,6,dinner,post_holiday,holiday,0,0.6526,392
2,6,breakfast,post_holiday,holiday,0,0.378,227
2,6,lunch,post_holiday,holiday,0,0.5835,350
2,6,dinner,post_holiday,holiday,0,0.6317,379
3,6,breakfast,post_holiday,holiday,0,0.3773,226
3,6,lunch,post_holiday,holiday,0,0.5268,316
3,6,dinner,post_holiday,holiday,0,0.562,337
4,6,breakfast,rain_weekend,holiday,1,0.1958,117
4,6,lunch,rain_weekend,holiday,1,0.6027,362
4,6,dinner,rain_weekend,holiday,1,0.5981,359
5,6,breakfast,rain_weekend,holiday,1,0.2009,121
5,6,lunch,rain_weekend,holiday,1,0.4965,298
5,6,dinner,rain_weekend,holiday,1,0.6179,371
6,6,breakfast,rain_weekend,holiday,1,0.2062,124
6,6,lunch,rain_weekend,holiday,1,0.5446,327
6,6,dinner,rain_weekend,holiday,1,0.6751,405
0,6,breakfast,post_holiday,holiday,0,0.4072,244
0,6,lunch,post_holiday,holiday,0,0.5375,323
0,6,dinner,post_holiday,holiday,0,0.6096,366
1,6,breakfast,rain_weekend,holiday,1,0.2075,124
1,6,lunch,rain_weekend,holiday,1,0.6094,366
1,6,dinner,rain_weekend,holiday,1,0.7002,420
2,6,breakfast,post_holiday,holiday,0,0.4084,245
2,6,lunch,post_holiday,holiday,0,0.5458,327
2,6,dinner,post_holiday,holiday,0,0.6731,404
3,6,breakfast,rain_weekend,holiday,1,0.1871,112
3,6,lunch,rain_weekend,holiday,1,0.5132,308
3,6,dinner,rain_weekend,holiday,1,0.749,449
4,6,breakfast,post_holiday,holiday,0,0.3308,198
4,6,lunch,post_holiday,holiday,0,0.5107,306
4,6,dinner,post_holiday,holiday,0,0.6724,403
5,6,breakfast,post_holiday,holiday,0,0.3676,221
5,6,lunch,post_holiday,holiday,0,0.6024,361
5,6,dinner,post_holiday,holiday,0,0.5803,348
6,6,breakfast,rain_weekend,holiday,1,0.2034,122
6,6,lunch,rain_weekend,holiday,1,0.6187,371
6,6,dinner,rain_weekend,holiday,1,0.6931,416
0,6,breakfast,post_holiday,holiday,0,0.3894,234
0,6,lunch,post_holiday,holiday,0,0.5629,338
0,6,dinner,post_holiday,holiday,0,0.6202,372
1,6,breakfast,post_holiday,holiday,0,0.3866,232
1,6,lunch,post_holiday,holiday,0,0.551,331
1,6,dinner,post_holiday,holiday,0,0.6725,403
2,6,breakfast,rain_weekend,holiday,1,0.2007,120
2,6,lunch,rain_weekend,holiday,1,0.5612,337
2,6,dinner,rain_weekend,holiday,1,0.6703,402
3,6,breakfast,post_holiday,holiday,0,0.3893,234
3,6,lunch,post_holiday,holiday,0,0.6373,382
3,6,dinner,post_holiday,holiday,0,0.6068,364
4,6,breakfast,post_holiday,holiday,0,0.4161,250
4,6,lunch,post_holiday,holiday,0,0.5459,328
4,6,dinner,post_holiday,holiday,0,0.7518,451
5,6,breakfast,post_holiday,holiday,0,0.3933,236
5,6,lunch,post_holiday,holiday,0,0.5071,304
5,6,dinner,post_holiday,holiday,0,0.6155,369
6,6,breakfast,post_holiday,holiday,0,0.4093,246
6,6,lunch,post_holiday,holiday,0,0.5555,333
6,6,dinner,post_holiday,holiday,0,0.6971,418
0,6,breakfast,rain_weekend,holiday,1,0.1947,117
0,6,lunch,rain_weekend,holiday,1,0.7298,438
0,6,dinner,rain_weekend,holiday,1,0.6877,413
1,6,breakfast,post_holiday,holiday,0,0.362,217
1,6,lunch,post_holiday,holiday,0,0.5008,300
1,6,dinner,post_holiday,holiday,0,0.6808,408
2,6,breakfast,rain_weekend,holiday,1,0.202,121
2,6,lunch,rain_weekend,holiday,1,0.597,358
2,6,dinner,rain_weekend,holiday,1,0.7057,423
3,6,breakfast,rain_weekend,holiday,1,0.1828,110
3,6,lunch,rain_weekend,holiday,1,0.6108,366
3,6,dinner,rain_weekend,holiday,1,0.6987,419
4,6,breakfast,rain_weekend,holiday,1,0.187,112
4,6,lunch,rain_weekend,holiday,1,0.6325,380
4,6,dinner,rain_weekend,holiday,1,0.627,376
5,6,breakfast,rain_weekend,holiday,1,0.1849,111
5,6,lunch,rain_weekend,holiday,1,0.6625,397
5,6,dinner,rain_weekend,holiday,1,0.7004,420
6,6,breakfast,post_holiday,holiday,0,0.4216,253
6,6,lunch,post_holiday,holiday,0,0.6635,398
6,6,dinner,post_holiday,holiday,0,0.5467,328
0,6,breakfast,post_holiday,holiday,0,0.3644,219
0,6,lunch,post_holiday,holiday,0,0.5048,303
0,6,dinner,post_holiday,holiday,0,0.5787,347
1,7,breakfast,post_holiday,holiday,0,0.346,208
1,7,lunch,post_holiday,holiday,0,0.5562,334
1,7,dinner,post_holiday,holiday,0,0.636,382
2,7,breakfast,post_holiday,holiday,0,0.3989,239
2,7,lunch,post_holiday,holiday,0,0.5678,341
2,7,dinner,post_holiday,holiday,0,0.6144,369
3,7,breakfast,rain_weekend,holiday,1,0.2038,122
3,7,lunch,rain_weekend,holiday,1,0.5106,306
3,7,dinner,rain_weekend,holiday,1,0.6132,368
4,7,breakfast,post_holiday,holiday,0,0.3839,230
4,7,lunch,post_holiday,holiday,0,0.5364,322
4,7,dinner,post_holiday,holiday,0,0.6096,366
5,7,breakfast,rain_weekend,holiday,1,0.2088,125
5,7,lunch,rain_weekend,holiday,1,0.6349,381
5,7,dinner,rain_weekend,holiday,1,0.617,370
6,7,breakfast,rain_weekend,holiday,1,0.2006,120
6,7,lunch,rain_weekend,holiday,1,0.6083,365
6,7,dinner,rain_weekend,holiday,1,0.5677,341
0,7,breakfast,rain_weekend,holiday,1,0.2002,120
0,7,lunch,rain_weekend,holiday,1,0.5897,354
0,7,dinner,rain_weekend,holiday,1,0.6233,374
1,7,breakfast,post_holiday,holiday,0,0.3779,227
1,7,lunch,post_holiday,holiday,0,0.5456,327
1,7,dinner,post_holiday,holiday,0,0.664,398
2,7,breakfast,post_holiday,holiday,0,0.3743,225
2,7,lunch,post_holiday,holiday,0,0.5219,313
2,7,dinner,post_holiday,holiday,0,0.6555,393
3,7,breakfast,rain_weekend,holiday,1,0.1931,116
3,7,lunch,rain_weekend,holiday,1,0.6379,383
3,7,dinner,rain_weekend,holiday,1,0.7189,431
4,7,breakfast,post_holiday,holiday,0,0.4379,263
4,7,lunch,post_holiday,holiday,0,0.5041,302
4,7,dinner,post_holiday,holiday,0,0.634,380
5,7,breakfast,post_holiday,holiday,0,0.3803,228
5,7,lunch,post_holiday,holiday,0,0.5135,308
5,7,dinner,post_holiday,holiday,0,0.5581,335
6,7,breakfast,post_holiday,holiday,0,0.3598,216
6,7,lunch,post_holiday,holiday,0,0.5454,327
6,7,dinner,post_holiday,holiday,0,0.5931,356
0,7,breakfast,post_holiday,holiday,0,0.3905,234
0,7,lunch,post_holiday,holiday,0,0.5482,329
0,7,dinner,post_holiday,holiday,0,0.6627,398
1,7,breakfast,post_holiday,holiday,0,0.3918,235
1,7,lunch,post_holiday,holiday,0,0.5627,338
1,7,dinner,post_holiday,holiday,0,0.5787,347
2,7,breakfast,rain_weekend,holiday,1,0.2253,135
2,7,lunch,rain_weekend,holiday,1,0.5557,333
2,7,dinner,rain_weekend,holiday,1,0.611,367
3,7,breakfast,post_holiday,holiday,0,0.3806,228
3,7,lunch,post_holiday,holiday,0,0.5026,302
3,7,dinner,post_holiday,holiday,0,0.6179,371
4,7,breakfast,post_holiday,holiday,0,0.3586,215
4,7,lunch,post_holiday,holiday,0,0.4813,289
4,7,dinner,post_holiday,holiday,0,0.6811,409
5,7,breakfast,rain_weekend,holiday,1,0.1901,114
5,7,lunch,rain_weekend,holiday,1,0.5241,314
5,7,dinner,rain_weekend,holiday,1,0.627,376
6,7,breakfast,rain_weekend,holiday,1,0.2187,131
6,7,lunch,rain_weekend,holiday,1,0.5502,330
6,7,dinner,rain_weekend,holiday,1,0.6622,397
0,7,breakfast,post_holiday,holiday,0,0.3103,186
0,7,lunch,post_holiday,holiday,0,0.5865,352
0,7,dinner,post_holiday,holiday,0,0.5734,344
1,7,breakfast,post_holiday,holiday,0,0.3909,235
1,7,lunch,post_holiday,holiday,0,0.5887,353
1,7,dinner,post_holiday,holiday,0,0.6612,397
2,7,breakfast,post_holiday,holiday,0,0.3593,216
2,7,lunch,post_holiday,holiday,0,0.5477,329
2,7,dinner,post_holiday,holiday,0,0.6235,374
3,7,breakfast,rain_weekend,holiday,1,0.2126,128
3,7,lunch,rain_weekend,holiday,1,0.6292,378
3,7,dinner,rain_weekend,holiday,1,0.6552,393
4,7,breakfast,post_holiday,holiday,0,0.3694,222
4,7,lunch,post_holiday,holiday,0,0.5597,336
4,7,dinner,post_holiday,holiday,0,0.5781,347
5,7,breakfast,post_holiday,holiday,0,0.4112,247
5,7,lunch,post_holiday,holiday,0,0.5472,328
5,7,dinner,post_holiday,holiday,0,0.4781,287
6,7,breakfast,rain_weekend,holiday,1,0.2302,138
6,7,lunch,rain_weekend,holiday,1,0.5738,344
6,7,dinner,rain_weekend,holiday,1,0.5608,337
0,7,breakfast,post_holiday,holiday,0,0.3837,230
0,7,lunch,post_holiday,holiday,0,0.5895,354
0,7,dinner,post_holiday,holiday,0,0.6474,388
1,7,breakfast,post_holiday,holiday,0,0.3945,237
1,7,lunch,post_holiday,holiday,0,0.5719,343
1,7,dinner,post_holiday,holiday,0,0.7487,449
2,7,breakfast,post_holiday,holiday,0,0.3349,201
2,7,lunch,post_holiday,holiday,0,0.561,337
2,7,dinner,post_holiday,holiday,0,0.6912,415
3,7,breakfast,post_holiday,holiday,0,0.3703,222
3,7,lunch,post_holiday,holiday,0,0.5921,355
3,7,dinner,post_holiday,holiday,0,0.6803,408
4,8,breakfast,baseline,,0,0.423,254
4,8,lunch,baseline,,0,0.6076,365
4,8,dinner,baseline,,0,0.7316,439
5,8,breakfast,rain_weekend,,1,0.1858,111
5,8,lunch,rain_weekend,,1,0.4674,280
5,8,dinner,rain_weekend,,1,0.6435,386
6,8,breakfast,best_menu,,0,0.5123,307
6,8,lunch,best_menu,,0,0.9239,554
6,8,dinner,best_menu,,0,0.901,541
0,8,breakfast,baseline,,0,0.4594,276
0,8,lunch,baseline,,0,0.6752,405
0,8,dinner,baseline,,0,0.7668,460
1,8,breakfast,baseline,,0,0.452,271
1,8,lunch,baseline,,0,0.6585,395
1,8,dinner,baseline,,0,0.772,463
2,8,breakfast,rain,,1,0.3269,196
2,8,lunch,rain,,1,0.6287,377
2,8,dinner,rain,,1,0.6196,372
3,8,breakfast,baseline,,0,0.4953,297
3,8,lunch,baseline,,0,0.6911,415
3,8,dinner,baseline,,0,0.7507,450
4,8,breakfast,rain,,1,0.3298,198
4,8,lunch,rain,,1,0.4386,263
4,8,dinner,rain,,1,0.7078,425
5,8,breakfast,rain_weekend,,1,0.216,130
5,8,lunch,rain_weekend,,1,0.5567,334
5,8,dinner,rain_weekend,,1,0.5839,350
6,8,breakfast,rain_weekend,,1,0.1995,120
6,8,lunch,rain_weekend,,1,0.5764,346
6,8,dinner,rain_weekend,,1,0.6712,403
0,8,breakfast,baseline,,0,0.48,288
0,8,lunch,baseline,,0,0.6865,412
0,8,dinner,baseline,,0,0.8006,480
1,8,breakfast,baseline,,0,0.4432,266
1,8,lunch,baseline,,0,0.5292,318
1,8,dinner,baseline,,0,0.7387,443
2,8,breakfast,baseline,,0,0.4151,249
2,8,lunch,baseline,,0,0.6244,375
2,8,dinner,baseline,,0,0.7085,425
3,8,breakfast,rain,pre_holiday,1,0.3357,201
3,8,lunch,rain,pre_holiday,1,0.5611,337
3,8,dinner,rain,pre_holiday,1,0.6648,399
4,8,breakfast,post_holiday,holiday,0,0.3894,234
4,8,lunch,post_holiday,holiday,0,0.4903,294
4,8,dinner,post_holiday,holiday,0,0.5226,314
5,8,breakfast,post_holiday,post_holiday,0,0.3933,236
5,8,lunch,post_holiday,post_holiday,0,0.5941,356
5,8,dinner,post_holiday,post_holiday,0,0.7129,428
6,8,breakfast,best_menu,,0,0.4908,294
6,8,lunch,best_menu,,0,0.7775,466
6,8,dinner,best_menu,,0,0.9346,561
0,8,breakfast,baseline,,0,0.5033,302
0,8,lunch,baseline,,0,0.69,414
0,8,dinner,baseline,,0,0.7267,436
1,8,breakfast,rain,,1,0.3367,202
1,8,lunch,rain,,1,0.4864,292
1,8,dinner,rain,,1,0.6213,373
2,8,breakfast,baseline,,0,0.5073,304
2,8,lunch,baseline,,0,0.6154,369
2,8,dinner,baseline,,0,0.6036,362
3,8,breakfast,rain,,1,0.299,179
3,8,lunch,rain,,1,0.5352,321
3,8,dinner,rain,,1,0.6289,377
4,8,breakfast,baseline,,0,0.4785,287
4,8,lunch,baseline,,0,0.5557,333
4,8,dinner,baseline,,0,0.719,431
5,8,breakfast,weekend,,0,0.2853,171
5,8,lunch,weekend,,0,0.6099,366
5,8,dinner,weekend,,0,0.8252,495
6,8,breakfast,best_menu,,0,0.5314,319
6,8,lunch,best_menu,,0,0.6745,405
6,8,dinner,best_menu,,0,0.9508,570
0,8,breakfast,rain,,1,0.3245,195
0,8,lunch,rain,,1,0.4955,297
0,8,dinner,rain,,1,0.5746,345
1,8,breakfast,rain,,1,0.312,187
1,8,lunch,rain,,1,0.5058,304
1,8,dinner,rain,,1,0.6632,398
2,8,breakfast,baseline,,0,0.4853,291
2,8,lunch,baseline,,0,0.6476,389
2,8,dinner,baseline,,0,0.7081,425
3,8,breakfast,baseline,,0,0.4707,282
3,8,lunch,baseline,,0,0.5895,354
3,8,dinner,baseline,,0,0.6512,391
4,8,breakfast,rain,,1,0.3077,185
4,8,lunch,rain,,1,0.4321,259
4,8,dinner,rain,,1,0.6062,364
5,8,breakfast,rain_weekend,,1,0.2252,135
5,8,lunch,rain_weekend,,1,0.5183,311
5,8,dinner,rain_weekend,,1,0.5898,354
6,8,breakfast,best_menu,,0,0.5912,355
6,8,lunch,best_menu,,0,0.7523,451
6,8,dinner,best_menu,,0,0.8545,513
0,9,breakfast,baseline,,0,0.3662,220
0,9,lunch,baseline,,0,0.539,323
0,9,dinner,baseline,,0,0.7332,440
1,9,breakfast,rain,,1,0.3056,183
1,9,lunch,rain,,1,0.5376,323
1,9,dinner,rain,,1,0.6908,414
2,9,breakfast,rain,,1,0.3021,181
2,9,lunch,rain,,1,0.5326,320
2,9,dinner,rain,,1,0.7257,435
3,9,breakfast,rain,,1,0.3427,206
3,9,lunch,rain,,1,0.4899,294
3,9,dinner,rain,,1,0.6385,383
4,9,breakfast,baseline,,0,0.4155,249
4,9,lunch,baseline,,0,0.5835,350
4,9,dinner,baseline,,0,0.7666,460
5,9,breakfast,rain_weekend,,1,0.1979,119
5,9,lunch,rain_weekend,,1,0.6034,362
5,9,dinner,rain_weekend,,1,0.6971,418
6,9,breakfast,best_menu,,0,0.5649,339
6,9,lunch,best_menu,,0,0.8524,511
6,9,dinner,best_menu,,0,1.0,600
0,9,breakfast,rain,,1,0.3051,183
0,9,lunch,rain,,1,0.5661,340
0,9,dinner,rain,,1,0.6748,405
1,9,breakfast,rain,,1,0.3065,184
1,9,lunch,rain,,1,0.5564,334
1,9,dinner,rain,,1,0.5914,355
2,9,breakfast,exam,exam,0,0.6547,393
2,9,lunch,exam,exam,0,0.7918,475
2,9,dinner,exam,exam,0,0.8247,495
3,9,breakfast,rain_exam,exam,1,0.4939,296
3,9,lunch,rain_exam,exam,1,0.5995,360
3,9,dinner,rain_exam,exam,1,0.6563,394
4,9,breakfast,rain_exam,exam,1,0.5279,317
4,9,lunch,rain_exam,exam,1,0.6292,378
4,9,dinner,rain_exam,exam,1,0.6879,413
5,9,breakfast,rain_exam,exam,1,0.6451,387
5,9,lunch,rain_exam,exam,1,0.702,421
5,9,dinner,rain_exam,exam,1,0.7343,441
6,9,breakfast,exam,exam,0,0.6275,376
6,9,lunch,exam,exam,0,0.7526,452
6,9,dinner,exam,exam,0,0.9072,544
0,9,breakfast,exam,exam,0,0.6519,391
0,9,lunch,exam,exam,0,0.6141,368
0,9,dinner,exam,exam,0,0.8813,529
1,9,breakfast,exam,exam,0,0.6354,381
1,9,lunch,exam,exam,0,0.8399,504
1,9,dinner,exam,exam,0,0.8056,483
2,9,breakfast,exam,exam,0,0.6481,389
2,9,lunch,exam,exam,0,0.7274,436
2,9,dinner,exam,exam,0,0.8587,515
3,9,breakfast,exam,exam,0,0.6941,416
3,9,lunch,exam,exam,0,0.8142,488
3,9,dinner,exam,exam,0,0.8665,520
4,9,breakfast,exam,exam,0,0.6135,368
4,9,lunch,exam,exam,0,0.7783,467
4,9,dinner,exam,exam,0,0.8138,488
5,9,breakfast,exam,exam,0,0.765,459
5,9,lunch,exam,exam,0,0.7262,436
5,9,dinner,exam,exam,0,0.7147,429
6,9,breakfast,rain_weekend,,1,0.2197,132
6,9,lunch,rain_weekend,,1,0.6265,376
6,9,dinner,rain_weekend,,1,0.6799,408
0,9,breakfast,baseline,,0,0.4674,280
0,9,lunch,baseline,,0,0.695,417
0,9,dinner,baseline,,0,0.8052,483
1,9,breakfast,baseline,,0,0.4629,278
1,9,lunch,baseline,,0,0.6792,408
1,9,dinner,baseline,,0,0.7316,439
2,9,breakfast,rain,,1,0.3599,216
2,9,lunch,rain,,1,0.5426,326
2,9,dinner,rain,,1,0.6741,404
3,9,breakfast,rain,,1,0.3018,181
3,9,lunch,rain,,1,0.5338,320
3,9,dinner,rain,,1,0.7061,424
4,9,breakfast,baseline,,0,0.3884,233
4,9,lunch,baseline,,0,0.6224,373
4,9,dinner,baseline,,0,0.8569,514
5,9,breakfast,rain_weekend,,1,0.2087,125
5,9,lunch,rain_weekend,,1,0.5897,354
5,9,dinner,rain_weekend,,1,0.5706,342
6,9,breakfast,rain_weekend,,1,0.2109,127
6,9,lunch,rain_weekend,,1,0.5966,358
6,9,dinner,rain_weekend,,1,0.6469,388
0,9,breakfast,rain,,1,0.3029,182
0,9,lunch,rain,,1,0.5823,349
0,9,dinner,rain,,1,0.6608,396
1,9,breakfast,baseline,,0,0.4552,273
1,9,lunch,baseline,,0,0.6245,375
1,9,dinner,baseline,,0,0.8127,488
2,10,breakfast,pre_holiday,pre_holiday,0,0.3626,218
2,10,lunch,pre_holiday,pre_holiday,0,0.4371,262
2,10,dinner,pre_holiday,pre_holiday,0,0.5515,331
3,10,breakfast,post_holiday,holiday,0,0.3958,238
3,10,lunch,post_holiday,holiday,0,0.5278,317
3,10,dinner,post_holiday,holiday,0,0.6732,404
4,10,breakfast,post_holiday,post_holiday,0,0.3684,221
4,10,lunch,post_holiday,post_holiday,0,0.5282,317
4,10,dinner,post_holiday,post_holiday,0,0.7357,441
5,10,breakfast,weekend,,0,0.312,187
5,10,lunch,weekend,,0,0.606,364
5,10,dinner,weekend,,0,0.7766,466
6,10,breakfast,best_menu,,0,0.4444,267
6,10,lunch,best_menu,,0,0.8249,495
6,10,dinner,best_menu,,0,0.8726,524
0,10,breakfast,baseline,,0,0.4802,288
0,10,lunch,baseline,,0,0.706,424
0,10,dinner,baseline,,0,0.8394,504
1,10,breakfast,baseline,,0,0.4517,271
1,10,lunch,baseline,,0,0.7006,420
1,10,dinner,baseline,,0,0.8509,511
2,10,breakfast,baseline,,0,0.4161,250
2,10,lunch,baseline,,0,0.6435,386
2,10,dinner,baseline,,0,0.7764,466
3,10,breakfast,baseline,,0,0.4669,280
3,10,lunch,baseline,,0,0.7485,449
3,10,dinner,baseline,,0,0.7884,473
4,10,breakfast,baseline,,0,0.4566,274
4,10,lunch,baseline,,0,0.6296,378
4,10,dinner,baseline,,0,0.7729,464
5,10,breakfast,weekend,,0,0.2769,166
5,10,lunch,weekend,,0,0.7709,463
5,10,dinner,weekend,,0,0.8693,522
6,10,breakfast,best_menu,,0,0.5746,345
6,10,lunch,best_menu,,0,0.7944,477
6,10,dinner,best_menu,,0,0.9245,555
0,10,breakfast,baseline,,0,0.4858,291
0,10,lunch,baseline,,0,0.6375,383
0,10,dinner,baseline,,0,0.8346,501
1,10,breakfast,baseline,,0,0.4725,283
1,10,lunch,baseline,,0,0.5911,355
1,10,dinner,baseline,,0,0.8795,528
2,10,breakfast,baseline,,0,0.4757,285
2,10,lunch,baseline,,0,0.5519,331
2,10,dinner,baseline,,0,0.7006,420
3,10,breakfast,baseline,,0,0.4603,276
3,10,lunch,baseline,,0,0.5364,322
3,10,dinner,baseline,,0,0.8123,487
4,10,breakfast,baseline,,0,0.5008,300
4,10,lunch,baseline,,0,0.6289,377
4,10,dinner,baseline,,0,0.7623,457
5,10,breakfast,weekend,,0,0.2785,167
5,10,lunch,weekend,,0,0.6444,387
5,10,dinner,weekend,,0,0.771,463
6,10,breakfast,best_menu,,0,0.4765,286
6,10,lunch,best_menu,,0,0.6932,416
6,10,dinner,best_menu,,0,0.9593,576
0,10,breakfast,baseline,,0,0.4359,262
0,10,lunch,baseline,,0,0.5393,324
0,10,dinner,baseline,,0,0.7093,426
1,10,breakfast,baseline,,0,0.4835,290
1,10,lunch,baseline,,0,0.5943,357
1,10,dinner,baseline,,0,0.8494,510
2,10,breakfast,baseline,,0,0.4254,255
2,10,lunch,baseline,,0,0.7112,427
2,10,dinner,baseline,,0,0.7627,458
3,10,breakfast,baseline,,0,0.4444,267
3,10,lunch,baseline,,0,0.7019,421
3,10,dinner,baseline,,0,0.838,503
4,10,breakfast,baseline,,0,0.4485,269
4,10,lunch,baseline,,0,0.6379,383
4,10,dinner,baseline,,0,0.6908,414
5,10,breakfast,weekend,,0,0.3001,180
5,10,lunch,weekend,,0,0.7639,458
5,10,dinner,weekend,,0,0.859,515
6,10,breakfast,rain_weekend,,1,0.1966,118
6,10,lunch,rain_weekend,,1,0.6319,379
6,10,dinner,rain_weekend,,1,0.6355,381
0,10,breakfast,baseline,,0,0.4468,268
0,10,lunch,baseline,,0,0.5842,351
0,10,dinner,baseline,,0,0.6926,416
1,10,breakfast,baseline,,0,0.4444,267
1,10,lunch,baseline,,0,0.7164,430
1,10,dinner,baseline,,0,0.7192,432
2,10,breakfast,baseline,,0,0.5361,322
2,10,lunch,baseline,,0,0.5798,348
2,10,dinner,baseline,,0,0.6361,382
3,10,breakfast,baseline,,0,0.4202,252
3,10,lunch,baseline,,0,0.6323,379
3,10,dinner,baseline,,0,0.7148,429
4,10,breakfast,rain,,1,0.2926,176
4,10,lunch,rain,,1,0.5257,315
4,10,dinner,rain,,1,0.6561,394
5,11,breakfast,weekend,,0,0.2832,170
5,11,lunch,weekend,,0,0.6805,408
5,11,dinner,weekend,,0,0.6938,416
6,11,breakfast,best_menu,,0,0.5384,323
6,11,lunch,best_menu,,0,0.7744,465
6,11,dinner,best_menu,,0,0.8805,528
0,11,breakfast,rain,,1,0.3001,180
0,11,lunch,rain,,1,0.5628,338
0,11,dinner,rain,,1,0.7061,424
1,11,breakfast,baseline,,0,0.4675,280
1,11,lunch,baseline,,0,0.6212,373
1,11,dinner,baseline,,0,0.7719,463
2,11,breakfast,baseline,,0,0.4683,281
2,11,lunch,baseline,,0,0.5435,326
2,11,dinner,baseline,,0,0.7772,466
3,11,breakfast,baseline,,0,0.442,265
3,11,lunch,baseline,,0,0.6838,410
3,11,dinner,baseline,,0,0.7086,425
4,11,breakfast,baseline,,0,0.4551,273
4,11,lunch,baseline,,0,0.5443,327
4,11,dinner,baseline,,0,0.7356,441
5,11,breakfast,weekend,,0,0.2542,152
5,11,lunch,weekend,,0,0.6283,377
5,11,dinner,weekend,,0,0.7187,431
6,11,breakfast,best_menu,,0,0.5177,311
6,11,lunch,best_menu,,0,0.8895,534
6,11,dinner,best_menu,,0,0.9687,581
0,11,breakfast,baseline,,0,0.4552,273
0,11,lunch,baseline,,0,0.6533,392
0,11,dinner,baseline,,0,0.6983,419
1,11,breakfast,baseline,,0,0.41,246
1,11,lunch,baseline,,0,0.6757,405
1,11,dinner,baseline,,0,0.8212,493
2,11,breakfast,baseline,,0,0.4437,266
2,11,lunch,baseline,,0,0.6536,392
2,11,dinner,baseline,,0,0.5783,347
3,11,breakfast,baseline,,0,0.4459,268
3,11,lunch,baseline,,0,0.6308,378
3,11,dinner,baseline,,0,0.7924,475
4,11,breakfast,baseline,,0,0.409,245
4,11,lunch,baseline,,0,0.6262,376
4,11,dinner,baseline,,0,0.7541,452
5,11,breakfast,weekend,,0,0.3039,182
5,11,lunch,weekend,,0,0.7582,455
5,11,dinner,weekend,,0,0.7153,429
6,11,breakfast,best_menu,,0,0.5884,353
6,11,lunch,best_menu,,0,0.689,413
6,11,dinner,best_menu,,0,0.9129,548
0,11,breakfast,baseline,,0,0.4367,262
0,11,lunch,baseline,,0,0.5875,352
0,11,dinner,baseline,,0,0.7398,444
1,11,breakfast,exam,exam,0,0.5842,351
1,11,lunch,exam,exam,0,0.6647,399
1,11,dinner,exam,exam,0,0.7764,466
2,11,breakfast,exam,exam,0,0.626,376
2,11,lunch,exam,exam,0,0.7318,439
2,11,dinner,exam,exam,0,0.8387,503
3,11,breakfast,exam,exam,0,0.6378,383
3,11,lunch,exam,exam,0,0.8776,527
3,11,dinner,exam,exam,0,0.9632,578
4,11,breakfast,exam,exam,0,0.6837,410
4,11,lunch,exam,exam,0,0.6846,411
4,11,dinner,exam,exam,0,0.7435,446
5,11,breakfast,exam,exam,0,0.7103,426
5,11,lunch,exam,exam,0,0.7947,477
5,11,dinner,exam,exam,0,0.8341,500
6,11,breakfast,rain_exam,exam,1,0.6183,371
6,11,lunch,rain_exam,exam,1,0.6875,413
6,11,dinner,rain_exam,exam,1,0.7102,426
0,11,breakfast,exam,exam,0,0.6559,394
0,11,lunch,exam,exam,0,0.7966,478
0,11,dinner,exam,exam,0,0.7836,470
1,11,breakfast,exam,exam,0,0.6672,400
1,11,lunch,exam,exam,0,0.7773,466
1,11,dinner,exam,exam,0,0.9271,556
2,11,breakfast,exam,exam,0,0.5659,340
2,11,lunch,exam,exam,0,0.702,421
2,11,dinner,exam,exam,0,0.9283,557
3,11,breakfast,exam,exam,0,0.6139,368
3,11,lunch,exam,exam,0,0.6265,376
3,11,dinner,exam,exam,0,0.9882,593
4,11,breakfast,exam,exam,0,0.69,414
4,11,lunch,exam,exam,0,0.7901,474
4,11,dinner,exam,exam,0,0.9067,544
5,11,breakfast,exam,exam,0,0.6415,385
5,11,lunch,exam,exam,0,0.7082,425
5,11,dinner,exam,exam,0,1.0,600
6,11,breakfast,rain_weekend,,1,0.1926,116
6,11,lunch,rain_weekend,,1,0.6223,373
6,11,dinner,rain_weekend,,1,0.6128,368
0,12,breakfast,baseline,,0,0.4262,256
0,12,lunch,baseline,,0,0.6587,395
0,12,dinner,baseline,,0,0.814,488
1,12,breakfast,baseline,,0,0.4534,272
1,12,lunch,baseline,,0,0.6339,380
1,12,dinner,baseline,,0,0.7466,448
2,12,breakfast,baseline,,0,0.4338,260
2,12,lunch,baseline,,0,0.7083,425
2,12,dinner,baseline,,0,0.7435,446
3,12,breakfast,baseline,,0,0.4314,259
3,12,lunch,baseline,,0,0.6891,413
3,12,dinner,baseline,,0,0.7905,474
4,12,breakfast,baseline,,0,0.4407,264
4,12,lunch,baseline,,0,0.6624,397
4,12,dinner,baseline,,0,0.7114,427
5,12,breakfast,weekend,,0,0.3233,194
5,12,lunch,weekend,,0,0.749,449
5,12,dinner,weekend,,0,0.7218,433
6,12,breakfast,best_menu,,0,0.538,323
6,12,lunch,best_menu,,0,0.9105,546
6,12,dinner,best_menu,,0,0.7621,457
0,12,breakfast,rain,,1,0.2818,169
0,12,lunch,rain,,1,0.5063,304
0,12,dinner,rain,,1,0.6149,369
1,12,breakfast,baseline,,0,0.4308,258
1,12,lunch,baseline,,0,0.6337,380
1,12,dinner,baseline,,0,0.7179,431
2,12,breakfast,baseline,,0,0.4781,287
2,12,lunch,baseline,,0,0.6715,403
2,12,dinner,baseline,,0,0.8006,480
3,12,breakfast,baseline,,0,0.4608,276
3,12,lunch,baseline,,0,0.6676,401
3,12,dinner,baseline,,0,0.6881,413
4,12,breakfast,baseline,,0,0.4458,267
4,12,lunch,baseline,,0,0.7267,436
4,12,dinner,baseline,,0,0.8655,519
5,12,breakfast,weekend,,0,0.3599,216
5,12,lunch,weekend,,0,0.6487,389
5,12,dinner,weekend,,0,0.8448,507
6,12,breakfast,best_menu,,0,0.4909,295
6,12,lunch,best_menu,,0,0.8316,499
6,12,dinner,best_menu,,0,0.8923,535
0,12,breakfast,post_holiday,holiday,0,0.3904,234
0,12,lunch,post_holiday,holiday,0,0.5935,356
0,12,dinner,post_holiday,holiday,0,0.6372,382
1,12,breakfast,post_holiday,holiday,0,0.4169,250
1,12,lunch,post_holiday,holiday,0,0.5668,340
1,12,dinner,post_holiday,holiday,0,0.6704,402
2,12,breakfast,post_holiday,holiday,0,0.3513,211
2,12,lunch,post_holiday,holiday,0,0.5171,310
2,12,dinner,post_holiday,holiday,0,0.6019,361
3,12,breakfast,post_holiday,holiday,0,0.4133,248
3,12,lunch,post_holiday,holiday,0,0.5349,321
3,12,dinner,post_holiday,holiday,0,0.7058,423
4,12,breakfast,post_holiday,holiday,0,0.3908,234
4,12,lunch,post_holiday,holiday,0,0.5061,304
4,12,dinner,post_holiday,holiday,0,0.7132,428
5,12,breakfast,rain_weekend,holiday,1,0.202,121
5,12,lunch,rain_weekend,holiday,1,0.5837,350
5,12,dinner,rain_weekend,holiday,1,0.6192,372
6,12,breakfast,post_holiday,holiday,0,0.4027,242
6,12,lunch,post_holiday,holiday,0,0.5077,305
6,12,dinner,post_holiday,holiday,0,0.7883,473
0,12,breakfast,post_holiday,holiday,0,0.3448,207
0,12,lunch,post_holiday,holiday,0,0.5638,338
0,12,dinner,post_holiday,holiday,0,0.7108,426
1,12,breakfast,post_holiday,holiday,0,0.4009,241
1,12,lunch,post_holiday,holiday,0,0.4618,277
1,12,dinner,post_holiday,holiday,0,0.599,359
2,12,breakfast,post_holiday,holiday,0,0.3252,195
2,12,lunch,post_holiday,holiday,0,0.5467,328
2,12,dinner,post_holiday,holiday,0,0.5197,312
3,12,breakfast,post_holiday,holiday,0,0.3669,220
3,12,lunch,post_holiday,holiday,0,0.5056,303
3,12,dinner,post_holiday,holiday,0,0.6534,392
4,12,breakfast,post_holiday,holiday,0,0.4107,246
4,12,lunch,post_holiday,holiday,0,0.5743,345
4,12,dinner,post_holiday,holiday,0,0.6911,415
5,12,breakfast,post_holiday,holiday,0,0.3926,236
5,12,lunch,post_holiday,holiday,0,0.5638,338
5,12,dinner,post_holiday,holiday,0,0.6405,384
6,12,breakfast,post_holiday,holiday,0,0.3731,224
6,12,lunch,post_holiday,holiday,0,0.5062,304
6,12,dinner,post_holiday,holiday,0,0.6547,393
0,12,breakfast,rain_weekend,holiday,1,0.1894,114
0,12,lunch,rain_weekend,holiday,1,0.5682,341
0,12,dinner,rain_weekend,holiday,1,0.6021,361
1,12,breakfast,post_holiday,holiday,0,0.3857,231
1,12,lunch,post_holiday,holiday,0,0.5043,303
1,12,dinner,post_holiday,holiday,0,0.6743,405
2,12,breakfast,post_holiday,holiday,0,0.3402,204
2,12,lunch,post_holiday,holiday,0,0.5859,352
2,12,dinner,post_holiday,holiday,0,0.6061,364
3,1,breakfast,baseline,,0,0.4515,271
3,1,lunch,baseline,,0,0.6912,415
3,1,dinner,baseline,,0,0.7512,451
4,1,breakfast,baseline,,0,0.4696,282
4,1,lunch,baseline,,0,0.6088,365
4,1,dinner,baseline,,0,0.8633,518
5,1,breakfast,weekend,,0,0.2464,148
5,1,lunch,weekend,,0,0.72,432
5,1,dinner,weekend,,0,0.9052,543
6,1,breakfast,best_menu,,0,0.6115,367
6,1,lunch,best_menu,,0,0.7347,441
6,1,dinner,best_menu,,0,0.9657,579
0,1,breakfast,baseline,,0,0.4581,275
0,1,lunch,baseline,,0,0.5688,341
0,1,dinner,baseline,,0,0.7113,427
1,1,breakfast,baseline,,0,0.4823,289
1,1,lunch,baseline,,0,0.6739,404
1,1,dinner,baseline,,0,0.7666,460
2,1,breakfast,baseline,,0,0.4388,263
2,1,lunch,baseline,,0,0.5955,357
2,1,dinner,baseline,,0,0.8022,481
3,1,breakfast,baseline,,0,0.488,293
3,1,lunch,baseline,,0,0.5951,357
3,1,dinner,baseline,,0,0.5856,351
4,1,breakfast,baseline,,0,0.5012,301
4,1,lunch,baseline,,0,0.613,368
4,1,dinner,baseline,,0,0.705,423
5,1,breakfast,weekend,,0,0.3304,198
5,1,lunch,weekend,,0,0.7014,421
5,1,dinner,weekend,,0,0.7649,459
6,1,breakfast,best_menu,,0,0.543,326
6,1,lunch,best_menu,,0,0.9024,541
6,1,dinner,best_menu,,0,0.9304,558
0,1,breakfast,baseline,,0,0.4921,295
0,1,lunch,baseline,,0,0.5741,344
0,1,dinner,baseline,,0,0.7953,477
1,1,breakfast,baseline,,0,0.4382,263
1,1,lunch,baseline,,0,0.5059,304
1,1,dinner,baseline,,0,0.6223,373
2,1,breakfast,baseline,,0,0.4691,281
2,1,lunch,baseline,,0,0.6391,383
2,1,dinner,baseline,,0,0.7611,457
3,1,breakfast,baseline,,0,0.4043,243
3,1,lunch,baseline,,0,0.6319,379
3,1,dinner,baseline,,0,0.7683,461
4,1,breakfast,baseline,,0,0.451,271
4,1,lunch,baseline,,0,0.5523,331
4,1,dinner,baseline,,0,0.8346,501
5,1,breakfast,weekend,,0,0.3488,209
5,1,lunch,weekend,,0,0.6982,419
5,1,dinner,weekend,,0,0.8478,509
6,1,breakfast,best_menu,,0,0.532,319
6,1,lunch,best_menu,,0,0.7626,458
6,1,dinner,best_menu,,0,0.9086,545
0,1,breakfast,baseline,,0,0.4218,253
0,1,lunch,baseline,,0,0.627,376
0,1,dinner,baseline,,0,0.7134,428
1,1,breakfast,baseline,,0,0.4468,268
1,1,lunch,baseline,,0,0.7116,427
1,1,dinner,baseline,,0,0.7383,443
2,1,breakfast,baseline,,0,0.4024,241
2,1,lunch,baseline,,0,0.6107,366
2,1,dinner,baseline,,0,0.7626,458
3,1,breakfast,baseline,,0,0.458,275
3,1,lunch,baseline,,0,0.7034,422
3,1,dinner,baseline,,0,0.7884,473
4,1,breakfast,baseline,,0,0.4479,269
4,1,lunch,baseline,,0,0.7544,453
4,1,dinner,baseline,,0,0.7209,433
5,1,breakfast,weekend,,0,0.271,163
5,1,lunch,weekend,,0,0.8305,498
5,1,dinner,weekend,,0,0.8347,501
6,1,breakfast,rain_weekend,pre_holiday,1,0.22,132
6,1,lunch,rain_weekend,pre_holiday,1,0.633,380
6,1,dinner,rain_weekend,pre_holiday,1,0.7715,463
0,1,breakfast,post_holiday,holiday,0,0.3752,225
0,1,lunch,post_holiday,holiday,0,0.5216,313
0,1,dinner,post_holiday,holiday,0,0.5333,320
1,1,breakfast,post_holiday,post_holiday,0,0.375,225
1,1,lunch,post_holiday,post_holiday,0,0.5737,344
1,1,dinner,post_holiday,post_holiday,0,0.7529,452
2,1,breakfast,baseline,,0,0.4348,261
2,1,lunch,baseline,,0,0.6393,384
2,1,dinner,baseline,,0,0.8092,486
3,1,breakfast,baseline,,0,0.4273,256
3,1,lunch,baseline,,0,0.6869,412
3,1,dinner,baseline,,0,0.7727,464
4,1,breakfast,baseline,,0,0.4309,259
4,1,lunch,baseline,,0,0.5297,318
4,1,dinner,baseline,,0,0.6765,406
5,1,breakfast,weekend,,0,0.3096,186
5,1,lunch,weekend,,0,0.6573,394
5,1,dinner,weekend,,0,0.7727,464
6,2,breakfast,best_menu,,0,0.5101,306
6,2,lunch,best_menu,,0,0.8471,508
6,2,dinner,best_menu,,0,0.8022,481
0,2,breakfast,baseline,,0,0.4598,276
0,2,lunch,baseline,,0,0.6283,377
0,2,dinner,baseline,,0,0.7843,471
1,2,breakfast,baseline,,0,0.4629,278
1,2,lunch,baseline,,0,0.6886,413
1,2,dinner,baseline,,0,0.7792,468
2,2,breakfast,baseline,,0,0.4465,268
2,2,lunch,baseline,,0,0.591,355
2,2,dinner,baseline,,0,0.7457,447
3,2,breakfast,baseline,,0,0.4457,267
3,2,lunch,baseline,,0,0.5882,353
3,2,dinner,baseline,,0,0.7205,432
4,2,breakfast,baseline,,0,0.4366,262
4,2,lunch,baseline,,0,0.6579,395
4,2,dinner,baseline,,0,0.7814,469
5,2,breakfast,weekend,,0,0.3342,200
5,2,lunch,weekend,,0,0.7558,453
5,2,dinner,weekend,,0,0.7248,435
6,2,breakfast,best_menu,,0,0.5301,318
6,2,lunch,best_menu,,0,0.7711,463
6,2,dinner,best_menu,,0,0.818,491
0,2,breakfast,baseline,,0,0.4329,260
0,2,lunch,baseline,,0,0.5993,360
0,2,dinner,baseline,,0,0.7311,439
1,2,breakfast,baseline,,0,0.4572,274
1,2,lunch,baseline,,0,0.7586,455
1,2,dinner,baseline,,0,0.7602,456
2,2,breakfast,baseline,,0,0.4501,270
2,2,lunch,baseline,,0,0.6463,388
2,2,dinner,baseline,,0,0.7761,466
3,2,breakfast,exam,exam,0,0.606,364
3,2,lunch,exam,exam,0,0.7837,470
3,2,dinner,exam,exam,0,0.8811,529
4,2,breakfast,exam,exam,0,0.6901,414
4,2,lunch,exam,exam,0,0.8077,485
4,2,dinner,exam,exam,0,0.8072,484
5,2,breakfast,rain_exam,exam,1,0.5028,302
5,2,lunch,rain_exam,exam,1,0.5995,360
5,2,dinner,rain_exam,exam,1,0.7948,477
6,2,breakfast,exam,exam,0,0.5923,355
6,2,lunch,exam,exam,0,0.7468,448
6,2,dinner,exam,exam,0,0.8304,498
0,2,breakfast,exam,exam,0,0.6884,413
0,2,lunch,exam,exam,0,0.6652,399
0,2,dinner,exam,exam,0,0.8039,482
1,2,breakfast,exam,exam,0,0.7004,420
1,2,lunch,exam,exam,0,0.806,484
1,2,dinner,exam,exam,0,0.8206,492
2,2,breakfast,exam,exam,0,0.6092,366
2,2,lunch,exam,exam,0,0.8405,504
2,2,dinner,exam,exam,0,0.7881,473
3,2,breakfast,exam,exam,0,0.6159,370
3,2,lunch,exam,exam,0,0.8514,511
3,2,dinner,exam,exam,0,0.9077,545
4,2,breakfast,exam,exam,0,0.6228,374
4,2,lunch,exam,exam,0,0.7792,467
4,2,dinner,exam,exam,0,0.9397,564
5,2,breakfast,rain_exam,exam,1,0.5854,351
5,2,lunch,rain_exam,exam,1,0.7071,424
5,2,dinner,rain_exam,exam,1,0.7411,445
6,2,breakfast,exam,exam,0,0.6077,365
6,2,lunch,exam,exam,0,0.7471,448
6,2,dinner,exam,exam,0,0.9509,571
0,2,breakfast,baseline,,0,0.4781,287
0,2,lunch,baseline,,0,0.6479,389
0,2,dinner,baseline,,0,0.7949,477
1,2,breakfast,baseline,,0,0.4445,267
1,2,lunch,baseline,,0,0.5916,355
1,2,dinner,baseline,,0,0.6751,405
2,2,breakfast,baseline,,0,0.4567,274
2,2,lunch,baseline,,0,0.6682,401
2,2,dinner,baseline,,0,0.7828,470
3,2,breakfast,baseline,,0,0.47,282
3,2,lunch,baseline,,0,0.6312,379
3,2,dinner,baseline,,0,0.7748,465
4,2,breakfast,baseline,,0,0.4633,278
4,2,lunch,baseline,,0,0.6672,400
4,2,dinner,baseline,,0,0.7098,426
5,2,breakfast,rain_weekend,,1,0.19,114
5,2,lunch,rain_weekend,,1,0.5747,345
5,2,dinner,rain_weekend,,1,0.6067,364
6,3,breakfast,best_menu,,0,0.5788,347
6,3,lunch,best_menu,,0,0.8344,501
6,3,dinner,best_menu,,0,1.0,600
0,3,breakfast,baseline,,0,0.5591,335
0,3,lunch,baseline,,0,0.6218,373
0,3,dinner,baseline,,0,0.7653,459
1,3,breakfast,baseline,,0,0.4634,278
1,3,lunch,baseline,,0,0.6757,405
1,3,dinner,baseline,,0,0.7432,446
2,3,breakfast,baseline,,0,0.4586,275
2,3,lunch,baseline,,0,0.647,388
2,3,dinner,baseline,,0,0.6955,417
3,3,breakfast,baseline,,0,0.4452,267
3,3,lunch,baseline,,0,0.6025,362
3,3,dinner,baseline,,0,0.7034,422
4,3,breakfast,baseline,,0,0.4405,264
4,3,lunch,baseline,,0,0.5595,336
4,3,dinner,baseline,,0,0.7081,425
5,3,breakfast,weekend,,0,0.3131,188
5,3,lunch,weekend,,0,0.7311,439
5,3,dinner,weekend,,0,0.8257,495
6,3,breakfast,best_menu,,0,0.5479,329
6,3,lunch,best_menu,,0,0.7439,446
6,3,dinner,best_menu,,0,0.8554,513
0,3,breakfast,baseline,,0,0.4072,244
0,3,lunch,baseline,,0,0.6873,412
0,3,dinner,baseline,,0,0.7913,475
1,3,breakfast,fest,fest,0,0.2173,130
1,3,lunch,fest,fest,0,0.1947,117
1,3,dinner,fest,fest,0,0.315,189
2,3,breakfast,fest,fest,0,0.2197,132
2,3,lunch,fest,fest,0,0.1925,116
2,3,dinner,fest,fest,0,0.3778,227
3,3,breakfast,fest,fest,0,0.1907,114
3,3,lunch,fest,fest,0,0.1729,104
3,3,dinner,fest,fest,0,0.3832,230
4,3,breakfast,rain_fest,fest,1,0.2226,134
4,3,lunch,rain_fest,fest,1,0.2304,138
4,3,dinner,rain_fest,fest,1,0.3926,236
5,3,breakfast,weekend,,0,0.2673,160
5,3,lunch,weekend,,0,0.6204,372
5,3,dinner,weekend,,0,0.7318,439
6,3,breakfast,best_menu,,0,0.483,290
6,3,lunch,best_menu,,0,0.7926,476
6,3,dinner,best_menu,,0,0.9762,586
0,3,breakfast,baseline,,0,0.4426,266
0,3,lunch,baseline,,0,0.6853,411
0,3,dinner,baseline,,0,0.7249,435
1,3,breakfast,baseline,,0,0.4919,295
1,3,lunch,baseline,,0,0.6178,371
1,3,dinner,baseline,,0,0.8163,490
2,3,breakfast,baseline,,0,0.4377,263
2,3,lunch,baseline,,0,0.6576,395
2,3,dinner,baseline,,0,0.7692,462
3,3,breakfast,baseline,,0,0.4303,258
3,3,lunch,baseline,,0,0.6354,381
3,3,dinner,baseline,,0,0.7463,448
4,3,breakfast,baseline,,0,0.4131,248
4,3,lunch,baseline,,0,0.6849,411
4,3,dinner,baseline,,0,0.778,467
5,3,breakfast,weekend,,0,0.329,197
5,3,lunch,weekend,,0,0.8251,495
5,3,dinner,weekend,,0,0.8461,508
6,3,breakfast,best_menu,,0,0.537,322
6,3,lunch,best_menu,,0,0.6937,416
6,3,dinner,best_menu,,0,0.7672,460
0,3,breakfast,rain,,1,0.3017,181
0,3,lunch,rain,,1,0.4943,297
0,3,dinner,rain,,1,0.6302,378
1,3,breakfast,baseline,,0,0.4033,242
1,3,lunch,baseline,,0,0.6645,399
1,3,dinner,baseline,,0,0.6628,398
2,3,breakfast,rain,,1,0.3549,213
2,3,lunch,rain,,1,0.4875,292
2,3,dinner,rain,,1,0.6774,406
3,3,breakfast,baseline,,0,0.4696,282
3,3,lunch,baseline,,0,0.6889,413
3,3,dinner,baseline,,0,0.7945,477
4,3,breakfast,baseline,,0,0.4085,245
4,3,lunch,baseline,,0,0.6898,414
4,3,dinner,baseline,,0,0.6988,419
5,3,breakfast,weekend,,0,0.3062,184
5,3,lunch,weekend,,0,0.7272,436
5,3,dinner,weekend,,0,0.8044,483
6,3,breakfast,best_menu,,0,0.4757,285
6,3,lunch,best_menu,,0,0.8558,513
6,3,dinner,best_menu,,0,0.9134,548
0,3,breakfast,baseline,,0,0.4484,269
0,3,lunch,baseline,,0,0.5621,337
0,3,dinner,baseline,,0,0.808,485
1,3,breakfast,baseline,,0,0.4623,277
1,3,lunch,baseline,,0,0.6005,360
1,3,dinner,baseline,,0,0.8487,509
2,4,breakfast,baseline,,0,0.4379,263
2,4,lunch,baseline,,0,0.6388,383
2,4,dinner,baseline,,0,0.6845,411
3,4,breakfast,baseline,,0,0.508,305
3,4,lunch,baseline,,0,0.6085,365
3,4,dinner,baseline,,0,0.7737,464
4,4,breakfast,baseline,,0,0.4486,269
4,4,lunch,baseline,,0,0.6175,370
4,4,dinner,baseline,,0,0.7009,421
5,4,breakfast,weekend,,0,0.2922,175
5,4,lunch,weekend,,0,0.6901,414
5,4,dinner,weekend,,0,0.7597,456
6,4,breakfast,best_menu,,0,0.485,291
6,4,lunch,best_menu,,0,0.8615,517
6,4,dinner,best_menu,,0,0.7481,449
0,4,breakfast,baseline,,0,0.4356,261
0,4,lunch,baseline,,0,0.7217,433
0,4,dinner,baseline,,0,0.7961,478
1,4,breakfast,baseline,,0,0.497,298
1,4,lunch,baseline,,0,0.5958,357
1,4,dinner,baseline,,0,0.8105,486
2,4,breakfast,baseline,,0,0.4886,293
2,4,lunch,baseline,,0,0.6128,368
2,4,dinner,baseline,,0,0.6883,413
3,4,breakfast,baseline,,0,0.46,276
3,4,lunch,baseline,,0,0.6083,365
3,4,dinner,baseline,,0,0.7832,470
4,4,breakfast,rain,,1,0.3324,199
4,4,lunch,rain,,1,0.5522,331
4,4,dinner,rain,,1,0.6302,378
5,4,breakfast,weekend,,0,0.3036,182
5,4,lunch,weekend,,0,0.7308,438
5,4,dinner,weekend,,0,0.9125,548
6,4,breakfast,best_menu,,0,0.575,345
6,4,lunch,best_menu,,0,0.9977,599
6,4,dinner,best_menu,,0,0.9371,562
0,4,breakfast,baseline,,0,0.4753,285
0,4,lunch,baseline,,0,0.5822,349
0,4,dinner,baseline,,0,0.7234,434
1,4,breakfast,baseline,,0,0.4733,284
1,4,lunch,baseline,,0,0.6245,375
1,4,dinner,baseline,,0,0.7583,455
2,4,breakfast,baseline,,0,0.4811,289
2,4,lunch,baseline,,0,0.6251,375
2,4,dinner,baseline,,0,0.7098,426
3,4,breakfast,baseline,,0,0.4779,287
3,4,lunch,baseline,,0,0.5519,331
3,4,dinner,baseline,,0,0.7312,439
4,4,breakfast,baseline,,0,0.478,287
4,4,lunch,baseline,,0,0.6794,408
4,4,dinner,baseline,,0,0.767,460
5,4,breakfast,weekend,,0,0.3015,181
5,4,lunch,weekend,,0,0.6623,397
5,4,dinner,weekend,,0,0.767,460
6,4,breakfast,best_menu,,0,0.5319,319
6,4,lunch,best_menu,,0,0.6793,408
6,4,dinner,best_menu,,0,0.8714,523
0,4,breakfast,exam,exam,0,0.6354,381
0,4,lunch,exam,exam,0,0.7189,431
0,4,dinner,exam,exam,0,0.9005,540
1,4,breakfast,exam,exam,0,0.5653,339
1,4,lunch,exam,exam,0,0.7129,428
1,4,dinner,exam,exam,0,0.9196,552
2,4,breakfast,exam,exam,0,0.6907,414
2,4,lunch,exam,exam,0,0.6472,388
2,4,dinner,exam,exam,0,0.8506,510
3,4,breakfast,exam,exam,0,0.6592,396
3,4,lunch,exam,exam,0,0.765,459
3,4,dinner,exam,exam,0,0.8031,482
4,4,breakfast,exam,exam,0,0.6719,403
4,4,lunch,exam,exam,0,0.7818,469
4,4,dinner,exam,exam,0,0.8108,486
5,4,breakfast,exam,exam,0,0.5094,306
5,4,lunch,exam,exam,0,0.6969,418
5,4,dinner,exam,exam,0,0.8303,498
6,4,breakfast,exam,exam,0,0.6586,395
6,4,lunch,exam,exam,0,0.7301,438
6,4,dinner,exam,exam,0,0.71,426
0,4,breakfast,exam,exam,0,0.6017,361
0,4,lunch,exam,exam,0,0.7618,457
0,4,dinner,exam,exam,0,0.7778,467
1,4,breakfast,exam,exam,0,0.6353,381
1,4,lunch,exam,exam,0,0.7511,451
1,4,dinner,exam,exam,0,0.8753,525
2,4,breakfast,exam,exam,0,0.5701,342
2,4,lunch,exam,exam,0,0.6467,388
2,4,dinner,exam,exam,0,0.8262,496
3,4,breakfast,rain_exam,exam,1,0.5549,333
3,4,lunch,rain_exam,exam,1,0.7,420
3,4,dinner,rain_exam,exam,1,0.717,430
4,5,breakfast,post_holiday,holiday,0,0.3748,225
4,5,lunch,post_holiday,holiday,0,0.5515,331
4,5,dinner,post_holiday,holiday,0,0.6498,390
5,5,breakfast,post_holiday,holiday,0,0.3628,218
5,5,lunch,post_holiday,holiday,0,0.5385,323
5,5,dinner,post_holiday,holiday,0,0.6549,393
6,5,breakfast,post_holiday,holiday,0,0.368,221
6,5,lunch,post_holiday,holiday,0,0.4745,285
6,5,dinner,post_holiday,holiday,0,0.6075,364
0,5,breakfast,post_holiday,holiday,0,0.3304,198
0,5,lunch,post_holiday,holiday,0,0.5072,304
0,5,dinner,post_holiday,holiday,0,0.5803,348
1,5,breakfast,post_holiday,holiday,0,0.4018,241
1,5,lunch,post_holiday,holiday,0,0.5025,301
1,5,dinner,post_holiday,holiday,0,0.6201,372
2,5,breakfast,post_holiday,holiday,0,0.3682,221
2,5,lunch,post_holiday,holiday,0,0.559,335
2,5,dinner,post_holiday,holiday,0,0.6751,405
3,5,breakfast,post_holiday,holiday,0,0.4156,249
3,5,lunch,post_holiday,holiday,0,0.476,286
3,5,dinner,post_holiday,holiday,0,0.5701,342
4,5,breakfast,post_holiday,holiday,0,0.4346,261
4,5,lunch,post_holiday,holiday,0,0.563,338
4,5,dinner,post_holiday,holiday,0,0.6313,379
5,5,breakfast,post_holiday,holiday,0,0.3213,193
5,5,lunch,post_holiday,holiday,0,0.5473,328
5,5,dinner,post_holiday,holiday,0,0.6152,369
6,5,breakfast,post_holiday,holiday,0,0.3853,231
6,5,lunch,post_holiday,holiday,0,0.5467,328
6,5,dinner,post_holiday,holiday,0,0.6812,409
0,5,breakfast,post_holiday,holiday,0,0.421,253
0,5,lunch,post_holiday,holiday,0,0.542,325
0,5,dinner,post_holiday,holiday,0,0.6275,376
1,5,breakfast,post_holiday,holiday,0,0.3533,212
1,5,lunch,post_holiday,holiday,0,0.6636,398
1,5,dinner,post_holiday,holiday,0,0.6523,391
2,5,breakfast,post_holiday,holiday,0,0.3994,240
2,5,lunch,post_holiday,holiday,0,0.623,374
2,5,dinner,post_holiday,holiday,0,0.6735,404
3,5,breakfast,post_holiday,holiday,0,0.4264,256
3,5,lunch,post_holiday,holiday,0,0.5269,316
3,5,dinner,post_holiday,holiday,0,0.6388,383
4,5,breakfast,post_holiday,holiday,0,0.3995,240
4,5,lunch,post_holiday,holiday,0,0.5134,308
4,5,dinner,post_holiday,holiday,0,0.6384,383
5,5,breakfast,post_holiday,holiday,0,0.4424,265
5,5,lunch,post_holiday,holiday,0,0.6276,377
5,5,dinner,post_holiday,holiday,0,0.6357,381
6,5,breakfast,post_holiday,holiday,0,0.3719,223
6,5,lunch,post_holiday,holiday,0,0.5896,354
6,5,dinner,post_holiday,holiday,0,0.6167,370
0,5,breakfast,post_holiday,holiday,0,0.4133,248
0,5,lunch,post_holiday,holiday,0,0.5183,311
0,5,dinner,post_holiday,holiday,0,0.6314,379
1,5,breakfast,post_holiday,holiday,0,0.4049,243
1,5,lunch,post_holiday,holiday,0,0.6258,375
1,5,dinner,post_holiday,holiday,0,0.6699,402
2,5,breakfast,post_holiday,holiday,0,0.3574,214
2,5,lunch,post_holiday,holiday,0,0.5519,331
2,5,dinner,post_holiday,holiday,0,0.5855,351
3,5,breakfast,post_holiday,holiday,0,0.407,244
3,5,lunch,post_holiday,holiday,0,0.5461,328
3,5,dinner,post_holiday,holiday,0,0.5618,337
4,5,breakfast,post_holiday,holiday,0,0.341,205
4,5,lunch,post_holiday,holiday,0,0.563,338
4,5,dinner,post_holiday,holiday,0,0.7379,443
5,5,breakfast,post_holiday,holiday,0,0.3252,195
5,5,lunch,post_holiday,holiday,0,0.6032,362
5,5,dinner,post_holiday,holiday,0,0.6808,408
6,5,breakfast,post_holiday,holiday,0,0.374,224
6,5,lunch,post_holiday,holiday,0,0.5891,353
6,5,dinner,post_holiday,holiday,0,0.6612,397
0,5,breakfast,post_holiday,holiday,0,0.4021,241
0,5,lunch,post_holiday,holiday,0,0.449,269
0,5,dinner,post_holiday,holiday,0,0.622,373
1,5,breakfast,post_holiday,holiday,0,0.3839,230
1,5,lunch,post_holiday,holiday,0,0.52,312
1,5,dinner,post_holiday,holiday,0,0.6784,407
2,5,breakfast,post_holiday,holiday,0,0.4235,254
2,5,lunch,post_holiday,holiday,0,0.5796,348
2,5,dinner,post_holiday,holiday,0,0.6881,413
3,5,breakfast,post_holiday,holiday,0,0.3915,235
3,5,lunch,post_holiday,holiday,0,0.5455,327
3,5,dinner,post_holiday,holiday,0,0.6213,373
4,5,breakfast,post_holiday,holiday,0,0.354,212
4,5,lunch,post_holiday,holiday,0,0.5294,318
4,5,dinner,post_holiday,holiday,0,0.6456,387
5,5,breakfast,post_holiday,holiday,0,0.3821,229
5,5,lunch,post_holiday,holiday,0,0.5852,351
5,5,dinner,post_holiday,holiday,0,0.688,413
6,5,breakfast,post_holiday,holiday,0,0.4016,241
6,5,lunch,post_holiday,holiday,0,0.5311,319
6,5,dinner,post_holiday,holiday,0,0.7003,420
0,6,breakfast,post_holiday,holiday,0,0.3468,208
0,6,lunch,post_holiday,holiday,0,0.5487,329
0,6,dinner,post_holiday,holiday,0,0.7168,430
1,6,breakfast,post_holiday,holiday,0,0.3971,238
1,6,lunch,post_holiday,holiday,0,0.5653,339
1,6,dinner,post_holiday,holiday,0,0.5808,348
2,6,breakfast,post_holiday,holiday,0,0.3406,204
2,6,lunch,post_holiday,holiday,0,0.5146,309
2,6,dinner,post_holiday,holiday,0,0.6878,413
3,6,breakfast,post_holiday,holiday,0,0.3794,228
3,6,lunch,post_holiday,holiday,0,0.5571,334
3,6,dinner,post_holiday,holiday,0,0.6179,371
4,6,breakfast,rain_weekend,holiday,1,0.199,119
4,6,lunch,rain_weekend,holiday,1,0.6006,360
4,6,dinner,rain_weekend,holiday,1,0.7017,421
5,6,breakfast,post_holiday,holiday,0,0.3846,231
5,6,lunch,post_holiday,holiday,0,0.5281,317
5,6,dinner,post_holiday,holiday,0,0.553,332
6,6,breakfast,rain_weekend,holiday,1,0.2251,135
6,6,lunch,rain_weekend,holiday,1,0.6185,371
6,6,dinner,rain_weekend,holiday,1,0.5961,358
0,6,breakfast,post_holiday,holiday,0,0.3799,228
0,6,lunch,post_holiday,holiday,0,0.6093,366
0,6,dinner,post_holiday,holiday,0,0.6239,374
1,6,breakfast,rain_weekend,holiday,1,0.2056,123
1,6,lunch,rain_weekend,holiday,1,0.6226,374
1,6,dinner,rain_weekend,holiday,1,0.5954,357
2,6,breakfast,post_holiday,holiday,0,0.3731,224
2,6,lunch,post_holiday,holiday,0,0.5791,347
2,6,dinner,post_holiday,holiday,0,0.5921,355
3,6,breakfast,post_holiday,holiday,0,0.3941,236
3,6,lunch,post_holiday,holiday,0,0.535,321
3,6,dinner,post_holiday,holiday,0,0.6538,392
4,6,breakfast,post_holiday,holiday,0,0.3634,218
4,6,lunch,post_holiday,holiday,0,0.6112,367
4,6,dinner,post_holiday,holiday,0,0.6865,412
5,6,breakfast,post_holiday,holiday,0,0.4008,240
5,6,lunch,post_holiday,holiday,0,0.5095,306
5,6,dinner,post_holiday,holiday,0,0.5733,344
6,6,breakfast,post_holiday,holiday,0,0.3311,199
6,6,lunch,post_holiday,holiday,0,0.5818,349
6,6,dinner,post_holiday,holiday,0,0.6205,372
0,6,breakfast,rain_weekend,holiday,1,0.2066,124
0,6,lunch,rain_weekend,holiday,1,0.6279,377
0,6,dinner,rain_weekend,holiday,1,0.6226,374
1,6,breakfast,rain_weekend,holiday,1,0.2018,121
1,6,lunch,rain_weekend,holiday,1,0.5397,324
1,6,dinner,rain_weekend,holiday,1,0.6576,395
2,6,breakfast,rain_weekend,holiday,1,0.2268,136
2,6,lunch,rain_weekend,holiday,1,0.6344,381
2,6,dinner,rain_weekend,holiday,1,0.6032,362
3,6,breakfast,rain_weekend,holiday,1,0.2136,128
3,6,lunch,rain_weekend,holiday,1,0.6348,381
3,6,dinner,rain_weekend,holiday,1,0.7085,425
4,6,breakfast,rain_weekend,holiday,1,0.1988,119
4,6,lunch,rain_weekend,holiday,1,0.5708,342
4,6,dinner,rain_weekend,holiday,1,0.5654,339
5,6,breakfast,post_holiday,holiday,0,0.389,233
5,6,lunch,post_holiday,holiday,0,0.5658,339
5,6,dinner,post_holiday,holiday,0,0.5656,339
6,6,breakfast,post_holiday,holiday,0,0.4463,268
6,6,lunch,post_holiday,holiday,0,0.5451,327
6,6,dinner,post_holiday,holiday,0,0.6302,378
0,6,breakfast,post_holiday,holiday,0,0.4457,267
0,6,lunch,post_holiday,holiday,0,0.4973,298
0,6,dinner,post_holiday,holiday,0,0.6436,386
1,6,breakfast,rain_weekend,holiday,1,0.1912,115
1,6,lunch,rain_weekend,holiday,1,0.5976,359
1,6,dinner,rain_weekend,holiday,1,0.7385,443
2,6,breakfast,post_holiday,holiday,0,0.3971,238
2,6,lunch,post_holiday,holiday,0,0.5253,315
2,6,dinner,post_holiday,holiday,0,0.7596,456
3,6,breakfast,rain_weekend,holiday,1,0.1909,115
3,6,lunch,rain_weekend,holiday,1,0.5148,309
3,6,dinner,rain_weekend,holiday,1,0.7411,445
4,6,breakfast,rain_weekend,holiday,1,0.2387,143
4,6,lunch,rain_weekend,holiday,1,0.5333,320
4,6,dinner,rain_weekend,holiday,1,0.7444,447
5,6,breakfast,rain_weekend,holiday,1,0.2129,128
5,6,lunch,rain_weekend,holiday,1,0.5209,313
5,6,dinner,rain_weekend,holiday,1,0.745,447
6,6,breakfast,post_holiday,holiday,0,0.3821,229
6,6,lunch,post_holiday,holiday,0,0.5696,342
6,6,dinner,post_holiday,holiday,0,0.5945,357
0,6,breakfast,rain_weekend,holiday,1,0.1926,116
0,6,lunch,rain_weekend,holiday,1,0.5111,307
0,6,dinner,rain_weekend,holiday,1,0.7126,428
1,6,breakfast,post_holiday,holiday,0,0.3618,217
1,6,lunch,post_holiday,holiday,0,0.5568,334
1,6,dinner,post_holiday,holiday,0,0.6199,372
2,7,breakfast,post_holiday,holiday,0,0.3641,218
2,7,lunch,post_holiday,holiday,0,0.5034,302
2,7,dinner,post_holiday,holiday,0,0.6866,412
3,7,breakfast,post_holiday,holiday,0,0.4453,267
3,7,lunch,post_holiday,holiday,0,0.5437,326
3,7,dinner,post_holiday,holiday,0,0.5864,352
4,7,breakfast,post_holiday,holiday,0,0.4027,242
4,7,lunch,post_holiday,holiday,0,0.5732,344
4,7,dinner,post_holiday,holiday,0,0.6937,416
5,7,breakfast,post_holiday,holiday,0,0.3794,228
5,7,lunch,post_holiday,holiday,0,0.5342,321
5,7,dinner,post_holiday,holiday,0,0.5679,341
6,7,breakfast,post_holiday,holiday,0,0.4243,255
6,7,lunch,post_holiday,holiday,0,0.552,331
6,7,dinner,post_holiday,holiday,0,0.5651,339
0,7,breakfast,rain_weekend,holiday,1,0.2266,136
0,7,lunch,rain_weekend,holiday,1,0.5957,357
0,7,dinner,rain_weekend,holiday,1,0.6321,379
1,7,breakfast,post_holiday,holiday,0,0.338,203
1,7,lunch,post_holiday,holiday,0,0.6033,362
1,7,dinner,post_holiday,holiday,0,0.6134,368
2,7,breakfast,post_holiday,holiday,0,0.3849,231
2,7,lunch,post_holiday,holiday,0,0.6036,362
2,7,dinner,post_holiday,holiday,0,0.6463,388
3,7,breakfast,post_holiday,holiday,0,0.4054,243
3,7,lunch,post_holiday,holiday,0,0.5687,341
3,7,dinner,post_holiday,holiday,0,0.651,391
4,7,breakfast,post_holiday,holiday,0,0.4421,265
4,7,lunch,post_holiday,holiday,0,0.5024,301
4,7,dinner,post_holiday,holiday,0,0.6336,380
5,7,breakfast,post_holiday,holiday,0,0.3957,237
5,7,lunch,post_holiday,holiday,0,0.5231,314
5,7,dinner,post_holiday,holiday,0,0.6493,390
6,7,breakfast,post_holiday,holiday,0,0.3348,201
6,7,lunch,post_holiday,holiday,0,0.5421,325
6,7,dinner,post_holiday,holiday,0,0.5776,347
0,7,breakfast,rain_weekend,holiday,1,0.2022,121
0,7,lunch,rain_weekend,holiday,1,0.6234,374
0,7,dinner,rain_weekend,holiday,1,0.6948,417
1,7,breakfast,rain_weekend,holiday,1,0.1691,101
1,7,lunch,rain_weekend,holiday,1,0.5347,321
1,7,dinner,rain_weekend,holiday,1,0.7719,463
2,7,breakfast,rain_weekend,holiday,1,0.2098,126
2,7,lunch,rain_weekend,holiday,1,0.567,340
2,7,dinner,rain_weekend,holiday,1,0.6709,403
3,7,breakfast,rain_weekend,holiday,1,0.209,125
3,7,lunch,rain_weekend,holiday,1,0.6066,364
3,7,dinner,rain_weekend,holiday,1,0.6428,386
4,7,breakfast,post_holiday,holiday,0,0.3915,235
4,7,lunch,post_holiday,holiday,0,0.4891,293
4,7,dinner,post_holiday,holiday,0,0.655,393
5,7,breakfast,post_holiday,holiday,0,0.4247,255
5,7,lunch,post_holiday,holiday,0,0.5728,344
5,7,dinner,post_holiday,holiday,0,0.629,377
6,7,breakfast,post_holiday,holiday,0,0.3428,206
6,7,lunch,post_holiday,holiday,0,0.5973,358
6,7,dinner,post_holiday,holiday,0,0.5933,356
0,7,breakfast,rain_weekend,holiday,1,0.1973,118
0,7,lunch,rain_weekend,holiday,1,0.549,329
0,7,dinner,rain_weekend,holiday,1,0.6012,361
1,7,breakfast,rain_weekend,holiday,1,0.1857,111
1,7,lunch,rain_weekend,holiday,1,0.5644,339
1,7,dinner,rain_weekend,holiday,1,0.625,375
2,7,breakfast,rain_weekend,holiday,1,0.1963,118
2,7,lunch,rain_weekend,holiday,1,0.5914,355
2,7,dinner,rain_weekend,holiday,1,0.6985,419
3,7,breakfast,post_holiday,holiday,0,0.3748,225
3,7,lunch,post_holiday,holiday,0,0.5621,337
3,7,dinner,post_holiday,holiday,0,0.6672,400
4,7,breakfast,rain_weekend,holiday,1,0.2013,121
4,7,lunch,rain_weekend,holiday,1,0.5625,337
4,7,dinner,rain_weekend,holiday,1,0.6208,372
5,7,breakfast,rain_weekend,holiday,1,0.2071,124
5,7,lunch,rain_weekend,holiday,1,0.6219,373
5,7,dinner,rain_weekend,holiday,1,0.6816,409
6,7,breakfast,post_holiday,holiday,0,0.4047,243
6,7,lunch,post_holiday,holiday,0,0.5822,349
6,7,dinner,post_holiday,holiday,0,0.6795,408
0,7,breakfast,rain_weekend,holiday,1,0.2222,133
0,7,lunch,rain_weekend,holiday,1,0.611,367
0,7,dinner,rain_weekend,holiday,1,0.7004,420
1,7,breakfast,rain_weekend,holiday,1,0.204,122
1,7,lunch,rain_weekend,holiday,1,0.5647,339
1,7,dinner,rain_weekend,holiday,1,0.7041,422
2,7,breakfast,post_holiday,holiday,0,0.3718,223
2,7,lunch,post_holiday,holiday,0,0.5447,327
2,7,dinner,post_holiday,holiday,0,0.6107,366
3,7,breakfast,rain_weekend,holiday,1,0.2247,135
3,7,lunch,rain_weekend,holiday,1,0.5677,341
3,7,dinner,rain_weekend,holiday,1,0.6414,385
4,7,breakfast,rain_weekend,holiday,1,0.1879,113
4,7,lunch,rain_weekend,holiday,1,0.518,311
4,7,dinner,rain_weekend,holiday,1,0.7004,420
5,8,breakfast,weekend,,0,0.2912,175
5,8,lunch,weekend,,0,0.6067,364
5,8,dinner,weekend,,0,0.8397,504
6,8,breakfast,best_menu,,0,0.5888,353
6,8,lunch,best_menu,,0,0.782,469
6,8,dinner,best_menu,,0,0.8545,513
0,8,breakfast,rain,,1,0.3359,202
0,8,lunch,rain,,1,0.5236,314
0,8,dinner,rain,,1,0.6082,365
1,8,breakfast,baseline,,0,0.4448,267
1,8,lunch,baseline,,0,0.5689,341
1,8,dinner,baseline,,0,0.7738,464
2,8,breakfast,rain,,1,0.3054,183
2,8,lunch,rain,,1,0.5657,339
2,8,dinner,rain,,1,0.6487,389
3,8,breakfast,rain,,1,0.315,189
3,8,lunch,rain,,1,0.5832,350
3,8,dinner,rain,,1,0.6802,408
4,8,breakfast,baseline,,0,0.4834,290
4,8,lunch,baseline,,0,0.6714,403
4,8,dinner,baseline,,0,0.7236,434
5,8,breakfast,weekend,,0,0.3101,186
5,8,lunch,weekend,,0,0.7306,438
5,8,dinner,weekend,,0,0.8517,511
6,8,breakfast,best_menu,,0,0.4947,297
6,8,lunch,best_menu,,0,0.8294,498
6,8,dinner,best_menu,,0,0.8949,537
0,8,breakfast,baseline,,0,0.4635,278
0,8,lunch,baseline,,0,0.5395,324
0,8,dinner,baseline,,0,0.6933,416
1,8,breakfast,rain,,1,0.3629,218
1,8,lunch,rain,,1,0.4815,289
1,8,dinner,rain,,1,0.6166,370
2,8,breakfast,rain,,1,0.3618,217
2,8,lunch,rain,,1,0.5123,307
2,8,dinner,rain,,1,0.6092,366
3,8,breakfast,baseline,,0,0.4365,262
3,8,lunch,baseline,,0,0.6699,402
3,8,dinner,baseline,,0,0.6614,397
4,8,breakfast,pre_holiday,pre_holiday,0,0.4373,262
4,8,lunch,pre_holiday,pre_holiday,0,0.3613,217
4,8,dinner,pre_holiday,pre_holiday,0,0.4807,288
5,8,breakfast,post_holiday,holiday,0,0.3818,229
5,8,lunch,post_holiday,holiday,0,0.5278,317
5,8,dinner,post_holiday,holiday,0,0.5954,357
6,8,breakfast,post_holiday,post_holiday,0,0.3926,236
6,8,lunch,post_holiday,post_holiday,0,0.5843,351
6,8,dinner,post_holiday,post_holiday,0,0.5003,300
0,8,breakfast,rain,,1,0.3207,192
0,8,lunch,rain,,1,0.5291,317
0,8,dinner,rain,,1,0.6538,392
1,8,breakfast,rain,,1,0.3089,185
1,8,lunch,rain,,1,0.5109,307
1,8,dinner,rain,,1,0.6209,373
2,8,breakfast,rain,,1,0.3059,184
2,8,lunch,rain,,1,0.5021,301
2,8,dinner,rain,,1,0.6302,378
3,8,breakfast,baseline,,0,0.5062,304
3,8,lunch,baseline,,0,0.6181,371
3,8,dinner,baseline,,0,0.8075,485
4,8,breakfast,baseline,,0,0.4477,269
4,8,lunch,baseline,,0,0.6227,374
4,8,dinner,baseline,,0,0.7303,438
5,8,breakfast,weekend,,0,0.3205,192
5,8,lunch,weekend,,0,0.7129,428
5,8,dinner,weekend,,0,0.7981,479
6,8,breakfast,rain_weekend,,1,0.1845,111
6,8,lunch,rain_weekend,,1,0.7029,422
6,8,dinner,rain_weekend,,1,0.6572,394
0,8,breakfast,rain,,1,0.3529,212
0,8,lunch,rain,,1,0.5454,327
0,8,dinner,rain,,1,0.6626,398
1,8,breakfast,rain,,1,0.3086,185
1,8,lunch,rain,,1,0.5261,316
1,8,dinner,rain,,1,0.5633,338
2,8,breakfast,baseline,,0,0.4607,276
2,8,lunch,baseline,,0,0.7271,436
2,8,dinner,baseline,,0,0.7552,453
3,8,breakfast,rain,,1,0.3143,189
3,8,lunch,rain,,1,0.6502,390
3,8,dinner,rain,,1,0.6772,406
4,8,breakfast,rain,,1,0.3316,199
4,8,lunch,rain,,1,0.5017,301
4,8,dinner,rain,,1,0.5647,339
5,8,breakfast,rain_weekend,,1,0.2015,121
5,8,lunch,rain_weekend,,1,0.5101,306
5,8,dinner,rain_weekend,,1,0.6054,363
6,8,breakfast,best_menu,,0,0.5159,310
6,8,lunch,best_menu,,0,0.8253,495
6,8,dinner,best_menu,,0,0.8125,488
0,8,breakfast,baseline,,0,0.4074,244
0,8,lunch,baseline,,0,0.7166,430
0,8,dinner,baseline,,0,0.6471,388
1,9,breakfast,baseline,,0,0.465,279
1,9,lunch,baseline,,0,0.7177,431
1,9,dinner,baseline,,0,0.7689,461
2,9,breakfast,rain,,1,0.3171,190
2,9,lunch,rain,,1,0.4895,294
2,9,dinner,rain,,1,0.6085,365
3,9,breakfast,rain,,1,0.2843,171
3,9,lunch,rain,,1,0.5505,330
3,9,dinner,rain,,1,0.5764,346
4,9,breakfast,rain,,1,0.2837,170
4,9,lunch,rain,,1,0.546,328
4,9,dinner,rain,,1,0.6086,365
5,9,breakfast,rain_weekend,,1,0.2052,123
5,9,lunch,rain_weekend,,1,0.6593,396
5,9,dinner,rain_weekend,,1,0.6264,376
6,9,breakfast,rain_weekend,,1,0.1843,111
6,9,lunch,rain_weekend,,1,0.5801,348
6,9,dinner,rain_weekend,,1,0.6527,392
0,9,breakfast,baseline,,0,0.4062,244
0,9,lunch,baseline,,0,0.5617,337
0,9,dinner,baseline,,0,0.6096,366
1,9,breakfast,rain,,1,0.3326,200
1,9,lunch,rain,,1,0.4651,279
1,9,dinner,rain,,1,0.564,338
2,9,breakfast,baseline,,0,0.4271,256
2,9,lunch,baseline,,0,0.6496,390
2,9,dinner,baseline,,0,0.7885,473
3,9,breakfast,rain_exam,exam,1,0.5123,307
3,9,lunch,rain_exam,exam,1,0.6543,393
3,9,dinner,rain_exam,exam,1,0.6384,383
4,9,breakfast,exam,exam,0,0.5671,340
4,9,lunch,exam,exam,0,0.6719,403
4,9,dinner,exam,exam,0,0.7945,477
5,9,breakfast,rain_exam,exam,1,0.6465,388
5,9,lunch,rain_exam,exam,1,0.7959,478
5,9,dinner,rain_exam,exam,1,0.7054,423
6,9,breakfast,rain_exam,exam,1,0.4789,287
6,9,lunch,rain_exam,exam,1,0.6536,392
6,9,dinner,rain_exam,exam,1,0.7148,429
0,9,breakfast,exam,exam,0,0.6615,397
0,9,lunch,exam,exam,0,0.7565,454
0,9,dinner,exam,exam,0,0.8891,533
1,9,breakfast,rain_exam,exam,1,0.5319,319
1,9,lunch,rain_exam,exam,1,0.7022,421
1,9,dinner,rain_exam,exam,1,0.7341,440
2,9,breakfast,exam,exam,0,0.6911,415
2,9,lunch,exam,exam,0,0.6499,390
2,9,dinner,exam,exam,0,0.7672,460
3,9,breakfast,rain_exam,exam,1,0.534,320
3,9,lunch,rain_exam,exam,1,0.7069,424
3,9,dinner,rain_exam,exam,1,0.7539,452
4,9,breakfast,exam,exam,0,0.6706,402
4,9,lunch,exam,exam,0,0.7456,447
4,9,dinner,exam,exam,0,0.9498,570
5,9,breakfast,exam,exam,0,0.6535,392
5,9,lunch,exam,exam,0,0.8202,492
5,9,dinner,exam,exam,0,0.8747,525
6,9,breakfast,exam,exam,0,0.6064,364
6,9,lunch,exam,exam,0,0.7746,465
6,9,dinner,exam,exam,0,0.9524,571
0,9,breakfast,rain,,1,0.3498,210
0,9,lunch,rain,,1,0.4493,270
0,9,dinner,rain,,1,0.6305,378
1,9,breakfast,rain,,1,0.2982,179
1,9,lunch,rain,,1,0.635,381
1,9,dinner,rain,,1,0.63,378
2,9,breakfast,rain,,1,0.3173,190
2,9,lunch,rain,,1,0.4479,269
2,9,dinner,rain,,1,0.5948,357
3,9,breakfast,baseline,,0,0.4274,256
3,9,lunch,baseline,,0,0.5913,355
3,9,dinner,baseline,,0,0.8286,497
4,9,breakfast,baseline,,0,0.4686,281
4,9,lunch,baseline,,0,0.6103,366
4,9,dinner,baseline,,0,0.7356,441
5,9,breakfast,weekend,,0,0.2761,166
5,9,lunch,weekend,,0,0.6415,385
5,9,dinner,weekend,,0,0.7446,447
6,9,breakfast,best_menu,,0,0.4666,280
6,9,lunch,best_menu,,0,0.814,488
6,9,dinner,best_menu,,0,0.9169,550
0,9,breakfast,baseline,,0,0.4259,256
0,9,lunch,baseline,,0,0.6483,389
0,9,dinner,baseline,,0,0.7688,461
1,9,breakfast,baseline,,0,0.4768,286
1,9,lunch,baseline,,0,0.6726,404
1,9,dinner,baseline,,0,0.7696,462
2,9,breakfast,baseline,,0,0.4371,262
2,9,lunch,baseline,,0,0.564,338
2,9,dinner,baseline,,0,0.7016,421
3,10,breakfast,pre_holiday,pre_holiday,0,0.3792,228
3,10,lunch,pre_holiday,pre_holiday,0,0.4313,259
3,10,dinner,pre_holiday,pre_holiday,0,0.5753,345
4,10,breakfast,post_holiday,holiday,0,0.392,235
4,10,lunch,post_holiday,holiday,0,0.4969,298
4,10,dinner,post_holiday,holiday,0,0.6179,371
5,10,breakfast,post_holiday,post_holiday,0,0.4018,241
5,10,lunch,post_holiday,post_holiday,0,0.5123,307
5,10,dinner,post_holiday,post_holiday,0,0.6846,411
6,10,breakfast,best_menu,,0,0.5056,303
6,10,lunch,best_menu,,0,0.7198,432
6,10,dinner,best_menu,,0,0.9182,551
0,10,breakfast,baseline,,0,0.4598,276
0,10,lunch,baseline,,0,0.7468,448
0,10,dinner,baseline,,0,0.8358,501
1,10,breakfast,baseline,,0,0.4386,263
1,10,lunch,baseline,,0,0.6571,394
1,10,dinner,baseline,,0,0.6997,420
2,10,breakfast,baseline,,0,0.463,278
2,10,lunch,baseline,,0,0.6463,388
2,10,dinner,baseline,,0,0.7912,475
3,10,breakfast,baseline,,0,0.4562,274
3,10,lunch,baseline,,0,0.6276,377
3,10,dinner,baseline,,0,0.8405,504
4,10,breakfast,baseline,,0,0.4384,263
4,10,lunch,baseline,,0,0.6336,380
4,10,dinner,baseline,,0,0.7617,457
5,10,breakfast,weekend,,0,0.2674,160
5,10,lunch,weekend,,0,0.6136,368
5,10,dinner,weekend,,0,0.7277,437
6,10,breakfast,best_menu,,0,0.5059,304
6,10,lunch,best_menu,,0,0.8406,504
6,10,dinner,best_menu,,0,0.8878,533
0,10,breakfast,baseline,,0,0.4059,244
0,10,lunch,baseline,,0,0.6099,366
0,10,dinner,baseline,,0,0.7852,471
1,10,breakfast,baseline,,0,0.4239,254
1,10,lunch,baseline,,0,0.6415,385
1,10,dinner,baseline,,0,0.8819,529
2,10,breakfast,baseline,,0,0.425,255
2,10,lunch,baseline,,0,0.6245,375
2,10,dinner,baseline,,0,0.7555,453
3,10,breakfast,rain,,1,0.3159,190
3,10,lunch,rain,,1,0.4717,283
3,10,dinner,rain,,1,0.5846,351
4,10,breakfast,baseline,,0,0.4441,266
4,10,lunch,baseline,,0,0.6046,363
4,10,dinner,baseline,,0,0.7394,444
5,10,breakfast,weekend,,0,0.3213,193
5,10,lunch,weekend,,0,0.6944,417
5,10,dinner,weekend,,0,0.8083,485
6,10,breakfast,best_menu,,0,0.5577,335
6,10,lunch,best_menu,,0,0.824,494
6,10,dinner,best_menu,,0,0.9623,577
0,10,breakfast,baseline,,0,0.4712,283
0,10,lunch,baseline,,0,0.6283,377
0,10,dinner,baseline,,0,0.7647,459
1,10,breakfast,baseline,,0,0.4265,256
1,10,lunch,baseline,,0,0.6015,361
1,10,dinner,baseline,,0,0.7609,457
2,10,breakfast,baseline,,0,0.4203,252
2,10,lunch,baseline,,0,0.6295,378
2,10,dinner,baseline,,0,0.7444,447
3,10,breakfast,baseline,,0,0.4421,265
3,10,lunch,baseline,,0,0.6254,375
3,10,dinner,baseline,,0,0.7404,444
4,10,breakfast,baseline,,0,0.4062,244
4,10,lunch,baseline,,0,0.5916,355
4,10,dinner,baseline,,0,0.5933,356
5,10,breakfast,weekend,,0,0.2905,174
5,10,lunch,weekend,,0,0.6714,403
5,10,dinner,weekend,,0,0.8527,512
6,10,breakfast,best_menu,,0,0.5367,322
6,10,lunch,best_menu,,0,0.7763,466
6,10,dinner,best_menu,,0,0.9739,584
0,10,breakfast,baseline,,0,0.4205,252
0,10,lunch,baseline,,0,0.5464,328
0,10,dinner,baseline,,0,0.7235,434
1,10,breakfast,baseline,,0,0.532,319
1,10,lunch,baseline,,0,0.6365,382
1,10,dinner,baseline,,0,0.7041,422
2,10,breakfast,baseline,,0,0.4699,282
2,10,lunch,baseline,,0,0.5439,326
2,10,dinner,baseline,,0,0.783,470
3,10,breakfast,baseline,,0,0.4657,279
3,10,lunch,baseline,,0,0.6222,373
3,10,dinner,baseline,,0,0.7839,470
4,10,breakfast,baseline,,0,0.422,253
4,10,lunch,baseline,,0,0.7271,436
4,10,dinner,baseline,,0,0.7289,437
5,10,breakfast,weekend,,0,0.242,145
5,10,lunch,weekend,,0,0.7715,463
5,10,dinner,weekend,,0,0.8754,525
6,11,breakfast,best_menu,,0,0.5572,334
6,11,lunch,best_menu,,0,0.8357,501
6,11,dinner,best_menu,,0,0.8537,512
0,11,breakfast,baseline,,0,0.4209,253
0,11,lunch,baseline,,0,0.6025,361
0,11,dinner,baseline,,0,0.8176,491
1,11,breakfast,baseline,,0,0.4246,255
1,11,lunch,baseline,,0,0.5962,358
1,11,dinner,baseline,,0,0.7113,427
2,11,breakfast,baseline,,0,0.414,248
2,11,lunch,baseline,,0,0.6514,391
2,11,dinner,baseline,,0,0.7948,477
3,11,breakfast,rain,,1,0.3423,205
3,11,lunch,rain,,1,0.5203,312
3,11,dinner,rain,,1,0.6225,373
4,11,breakfast,baseline,,0,0.4866,292
4,11,lunch,baseline,,0,0.5945,357
4,11,dinner,baseline,,0,0.771,463
5,11,breakfast,weekend,,0,0.2747,165
5,11,lunch,weekend,,0,0.6659,400
5,11,dinner,weekend,,0,0.87,522
6,11,breakfast,best_menu,,0,0.4903,294
6,11,lunch,best_menu,,0,0.8195,492
6,11,dinner,best_menu,,0,0.8895,534
0,11,breakfast,baseline,,0,0.4424,265
0,11,lunch,baseline,,0,0.6478,389
0,11,dinner,baseline,,0,0.7272,436
1,11,breakfast,baseline,,0,0.3837,230
1,11,lunch,baseline,,0,0.6381,383
1,11,dinner,baseline,,0,0.8697,522
2,11,breakfast,baseline,,0,0.3876,233
2,11,lunch,baseline,,0,0.6133,368
2,11,dinner,baseline,,0,0.8373,502
3,11,breakfast,baseline,,0,0.4198,252
3,11,lunch,baseline,,0,0.5986,359
3,11,dinner,baseline,,0,0.7164,430
4,11,breakfast,baseline,,0,0.4982,299
4,11,lunch,baseline,,0,0.6867,412
4,11,dinner,baseline,,0,0.7774,466
5,11,breakfast,weekend,,0,0.2681,161
5,11,lunch,weekend,,0,0.7299,438
5,11,dinner,weekend,,0,0.699,419
6,11,breakfast,best_menu,,0,0.5463,328
6,11,lunch,best_menu,,0,0.7272,436
6,11,dinner,best_menu,,0,0.8263,496
0,11,breakfast,baseline,,0,0.4681,281
0,11,lunch,baseline,,0,0.6871,412
0,11,dinner,baseline,,0,0.7864,472
1,11,breakfast,baseline,,0,0.4231,254
1,11,lunch,baseline,,0,0.5791,347
1,11,dinner,baseline,,0,0.7193,432
2,11,breakfast,rain_exam,exam,1,0.599,359
2,11,lunch,rain_exam,exam,1,0.5547,333
2,11,dinner,rain_exam,exam,1,0.6872,412
3,11,breakfast,exam,exam,0,0.6541,392
3,11,lunch,exam,exam,0,0.6502,390
3,11,dinner,exam,exam,0,1.0,600
4,11,breakfast,exam,exam,0,0.67,402
4,11,lunch,exam,exam,0,0.7568,454
4,11,dinner,exam,exam,0,0.8412,505
5,11,breakfast,exam,exam,0,0.7603,456
5,11,lunch,exam,exam,0,0.7922,475
5,11,dinner,exam,exam,0,0.9237,554
6,11,breakfast,exam,exam,0,0.5978,359
6,11,lunch,exam,exam,0,0.8083,485
6,11,dinner,exam,exam,0,0.8082,485
0,11,breakfast,exam,exam,0,0.5648,339
0,11,lunch,exam,exam,0,0.6136,368
0,11,dinner,exam,exam,0,0.8887,533
1,11,breakfast,exam,exam,0,0.5466,328
1,11,lunch,exam,exam,0,0.765,459
1,11,dinner,exam,exam,0,1.0,600
2,11,breakfast,exam,exam,0,0.6366,382
2,11,lunch,exam,exam,0,0.7339,440
2,11,dinner,exam,exam,0,0.9282,557
3,11,breakfast,exam,exam,0,0.6321,379
3,11,lunch,exam,exam,0,0.7353,441
3,11,dinner,exam,exam,0,0.8875,533
4,11,breakfast,exam,exam,0,0.6431,386
4,11,lunch,exam,exam,0,0.7263,436
4,11,dinner,exam,exam,0,0.9623,577
5,11,breakfast,exam,exam,0,0.6748,405
5,11,lunch,exam,exam,0,0.8342,501
5,11,dinner,exam,exam,0,0.8399,504
6,11,breakfast,exam,exam,0,0.6782,407
6,11,lunch,exam,exam,0,0.9252,555
6,11,dinner,exam,exam,0,0.784,470
0,11,breakfast,baseline,,0,0.4651,279
0,11,lunch,baseline,,0,0.6535,392
0,11,dinner,baseline,,0,0.867,520
1,12,breakfast,baseline,,0,0.4826,290
1,12,lunch,baseline,,0,0.6922,415
1,12,dinner,baseline,,0,0.7923,475
2,12,breakfast,baseline,,0,0.5007,300
2,12,lunch,baseline,,0,0.6956,417
2,12,dinner,baseline,,0,0.786,472
3,12,breakfast,rain,,1,0.3224,193
3,12,lunch,rain,,1,0.53,318
3,12,dinner,rain,,1,0.6658,399
4,12,breakfast,baseline,,0,0.4195,252
4,12,lunch,baseline,,0,0.5802,348
4,12,dinner,baseline,,0,0.7049,423
5,12,breakfast,weekend,,0,0.2994,180
5,12,lunch,weekend,,0,0.7121,427
5,12,dinner,weekend,,0,0.8147,489
6,12,breakfast,best_menu,,0,0.5959,358
6,12,lunch,best_menu,,0,0.7829,470
6,12,dinner,best_menu,,0,0.8688,521
0,12,breakfast,baseline,,0,0.3839,230
0,12,lunch,baseline,,0,0.5933,356
0,12,dinner,baseline,,0,0.8089,485
1,12,breakfast,baseline,,0,0.4902,294
1,12,lunch,baseline,,0,0.7099,426
1,12,dinner,baseline,,0,0.7278,437
2,12,breakfast,baseline,,0,0.4903,294
2,12,lunch,baseline,,0,0.6097,366
2,12,dinner,baseline,,0,0.8021,481
3,12,breakfast,baseline,,0,0.4328,260
3,12,lunch,baseline,,0,0.5928,356
3,12,dinner,baseline,,0,0.7706,462
4,12,breakfast,baseline,,0,0.4434,266
4,12,lunch,baseline,,0,0.5689,341
4,12,dinner,baseline,,0,0.685,411
5,12,breakfast,weekend,,0,0.3443,207
5,12,lunch,weekend,,0,0.722,433
5,12,dinner,weekend,,0,0.7591,455
6,12,breakfast,rain_weekend,,1,0.1962,118
6,12,lunch,rain_weekend,,1,0.5818,349
6,12,dinner,rain_weekend,,1,0.6155,369
0,12,breakfast,baseline,,0,0.3586,215
0,12,lunch,baseline,,0,0.6738,404
0,12,dinner,baseline,,0,0.7222,433
1,12,breakfast,post_holiday,holiday,0,0.4352,261
1,12,lunch,post_holiday,holiday,0,0.5107,306
1,12,dinner,post_holiday,holiday,0,0.5989,359
2,12,breakfast,post_holiday,holiday,0,0.396,238
2,12,lunch,post_holiday,holiday,0,0.5225,314
2,12,dinner,post_holiday,holiday,0,0.5536,332
3,12,breakfast,post_holiday,holiday,0,0.4226,254
3,12,lunch,post_holiday,holiday,0,0.5449,327
3,12,dinner,post_holiday,holiday,0,0.6562,394
4,12,breakfast,post_holiday,holiday,0,0.3631,218
4,12,lunch,post_holiday,holiday,0,0.6144,369
4,12,dinner,post_holiday,holiday,0,0.6238,374
5,12,breakfast,post_holiday,holiday,0,0.4169,250
5,12,lunch,post_holiday,holiday,0,0.5104,306
5,12,dinner,post_holiday,holiday,0,0.6032,362
6,12,breakfast,post_holiday,holiday,0,0.3833,230
6,12,lunch,post_holiday,holiday,0,0.5529,332
6,12,dinner,post_holiday,holiday,0,0.7393,444
0,12,breakfast,post_holiday,holiday,0,0.3104,186
0,12,lunch,post_holiday,holiday,0,0.5558,333
0,12,dinner,post_holiday,holiday,0,0.6353,381
1,12,breakfast,post_holiday,holiday,0,0.3947,237
1,12,lunch,post_holiday,holiday,0,0.5523,331
1,12,dinner,post_holiday,holiday,0,0.6319,379
2,12,breakfast,post_holiday,holiday,0,0.4021,241
2,12,lunch,post_holiday,holiday,0,0.5182,311
2,12,dinner,post_holiday,holiday,0,0.5853,351
3,12,breakfast,post_holiday,holiday,0,0.3614,217
3,12,lunch,post_holiday,holiday,0,0.546,328
3,12,dinner,post_holiday,holiday,0,0.5576,335
4,12,breakfast,post_holiday,holiday,0,0.3547,213
4,12,lunch,post_holiday,holiday,0,0.5225,313
4,12,dinner,post_holiday,holiday,0,0.6863,412
5,12,breakfast,post_holiday,holiday,0,0.4008,240
5,12,lunch,post_holiday,holiday,0,0.4649,279
5,12,dinner,post_holiday,holiday,0,0.7264,436
6,12,breakfast,post_holiday,holiday,0,0.4302,258
6,12,lunch,post_holiday,holiday,0,0.5859,352
6,12,dinner,post_holiday,holiday,0,0.6626,398
0,12,breakfast,post_holiday,holiday,0,0.388,233
0,12,lunch,post_holiday,holiday,0,0.5213,313
0,12,dinner,post_holiday,holiday,0,0.6348,381
1,12,breakfast,post_holiday,holiday,0,0.3208,192
1,12,lunch,post_holiday,holiday,0,0.5903,354
1,12,dinner,post_holiday,holiday,0,0.6292,378
2,12,breakfast,post_holiday,holiday,0,0.3661,220
2,12,lunch,post_holiday,holiday,0,0.5572,334
2,12,dinner,post_holiday,holiday,0,0.588,353
3,12,breakfast,post_holiday,holiday,0,0.3958,237
3,12,lunch,post_holiday,holiday,0,0.5642,338
3,12,dinner,post_holiday,holiday,0,0.6232,374
